lm0_x,lm0_y,lm0_z,lm1_x,lm1_y,lm1_z,lm2_x,lm2_y,lm2_z,lm3_x,lm3_y,lm3_z,lm4_x,lm4_y,lm4_z,lm5_x,lm5_y,lm5_z,lm6_x,lm6_y,lm6_z,lm7_x,lm7_y,lm7_z,lm8_x,lm8_y,lm8_z,lm9_x,lm9_y,lm9_z,lm10_x,lm10_y,lm10_z,lm11_x,lm11_y,lm11_z,lm12_x,lm12_y,lm12_z,lm13_x,lm13_y,lm13_z,lm14_x,lm14_y,lm14_z,lm15_x,lm15_y,lm15_z,lm16_x,lm16_y,lm16_z,lm17_x,lm17_y,lm17_z,lm18_x,lm18_y,lm18_z,lm19_x,lm19_y,lm19_z,lm20_x,lm20_y,lm20_z
0.0,0.0,0.0,-0.2497981228974084,-0.10703844147809877,0.02694413588258904,-0.4180967852645266,-0.33795313460872667,0.013199306968269793,-0.5049496142439366,-0.6061582735290647,-0.032036397748148364,-0.5231770572209589,-0.9049050714865416,-0.05996551026166173,-0.2421786182654872,-0.9046085645674938,0.1394859533469659,-0.4471435598872842,-0.9599427636819379,0.03281629930315983,-0.3940173081681511,-0.6879067331155758,-0.033343583686629215,-0.28253738218409047,-0.6009887059918649,-0.06437265030999752,-0.18329356799854377,-0.980098558599274,0.07622521473888304,-0.45007436111113314,-0.9884040901215699,-0.05711356430193107,-0.36202704872350655,-0.6385753249217271,-0.0893118027672558,-0.22406310247816938,-0.605436421037214,-0.07276120933260848,-0.1217391766427467,-1.0551031268570183,-0.00737945621645296,-0.39731637877363163,-1.00737997664247,-0.1261616186922289,-0.3010583280700988,-0.6480350638654871,-0.08878482847442747,-0.1639054645414065,-0.6321692178354477,-0.02914114397669562,-0.045827619865648636,-1.0922151121971402,-0.09448723229631195,-0.29231443359806614,-1.0007176386238954,-0.16826276407640373,-0.23461474344952243,-0.7306956299144202,-0.1431909623229973,-0.11510009188724173,-0.7055571836414979,-0.09936972912199549
0.0,0.0,0.0,-0.25110622574468827,-0.09386163601461699,0.024534602861433264,-0.42416384274086427,-0.3284142086494939,0.01073946659747698,-0.5114642962887235,-0.6044634855776351,-0.03407066170131251,-0.5287163891219938,-0.906511256275212,-0.0615232794524944,-0.25654936322776944,-0.8975322676921196,0.1392891317106684,-0.45796462561097573,-0.9527082162655915,0.03204746338252362,-0.4042208619807789,-0.6814411985356887,-0.033895551233258985,-0.292922822650312,-0.5938481492768068,-0.064812513764654,-0.19418248590587436,-0.9779462318994393,0.07690467918860996,-0.4580151587175826,-0.9866598088757328,-0.058010816128873766,-0.36668514110627864,-0.633544386052976,-0.09002343694193231,-0.22842182395118105,-0.6002672073812328,-0.07263863830526243,-0.12816368925473037,-1.057379086818218,-0.006405506871259922,-0.4000182671460508,-1.0120153591012868,-0.1275782487278013,-0.30093615514933914,-0.6478495415130083,-0.09040291462921381,-0.16399211302744188,-0.6306540728304446,-0.0302804918855801,-0.04734974648484835,-1.1007644659709135,-0.09331276995156575,-0.29377805036078786,-1.0057535401723294,-0.16914691757913516,-0.23452144063169947,-0.7320178448281461,-0.14532492870213065,-0.11508328484723652,-0.7081892291207552,-0.10209631638699332
0.0,0.0,0.0,-0.2546382195766154,-0.10829531895361813,0.0325577812540329,-0.4211447435276035,-0.34443091667159026,0.022336144109637576,-0.5078077310647003,-0.6133179409816711,-0.021454826380626672,-0.5292259788458026,-0.9141112894321858,-0.04851207825619536,-0.2510160951930937,-0.9030823879393063,0.1523877335728817,-0.4506777270508264,-0.9643592795815485,0.04604119627454916,-0.40131920610864275,-0.6937637420614159,-0.01945751156645241,-0.2910411986280485,-0.6092476562071096,-0.04956856864168919,-0.19066427848333364,-0.9779571846994563,0.08512859569582693,-0.4534754160282749,-0.997073752597554,-0.048668478089403,-0.367746489095661,-0.6399937054504403,-0.0800861466443152,-0.22913733172195058,-0.6078989068397899,-0.06151952995289123,-0.12665731504544894,-1.054631025315066,-0.0032525565317825184,-0.3979697968703453,-1.0177538274237907,-0.12369698249118845,-0.3037622144795783,-0.6503186918629573,-0.08545844125167984,-0.16630546953997025,-0.6354909852108405,-0.023802947445757092,-0.047088515552982116,-1.0966098384847942,-0.0947172706612459,-0.29158685356029695,-1.0128060917783512,-0.16891143786761662,-0.23614480803177296,-0.7393709695850664,-0.14300809018810354,-0.11688045462498062,-0.7138916473432035,-0.09808347889415112
0.0,0.0,0.0,-0.25812431410539977,-0.09570363043194599,0.03349834857945068,-0.4289043160295981,-0.3312884025768101,0.02386305754828346,-0.5169965493733881,-0.6078129330302199,-0.019586102656033957,-0.5373790957393406,-0.9111654633730984,-0.04600920865951614,-0.261561588040535,-0.8978776610021724,0.15355385638990562,-0.46126173548695365,-0.9641455096300168,0.048284012775671875,-0.41151255048177937,-0.6900594055288953,-0.01640010290472625,-0.30096370178369836,-0.6034259573892358,-0.046410474859538996,-0.19999072950535793,-0.9760033364488455,0.08614636006609123,-0.4630004827214307,-0.995917358787418,-0.04692503784065828,-0.3747455595779235,-0.6355983171994131,-0.077516478587295,-0.23398024399515369,-0.6045634302389249,-0.058629926362088046,-0.13478465777872317,-1.0549187352983123,-0.0024173479995255945,-0.405772538006481,-1.018736975757328,-0.12186374791839735,-0.30939397086376397,-0.6488480456380442,-0.08325639926713348,-0.16966986999918393,-0.6345227568568386,-0.021996910931970638,-0.053946581837876824,-1.10054825304176,-0.0940602729824127,-0.2984908168279976,-1.0122645202462197,-0.16754924677001165,-0.24224262624023343,-0.735379134778715,-0.1422570837814838,-0.1220521473283595,-0.7102403973096426,-0.09824058879838278
0.0,0.0,0.0,-0.25720571042317153,-0.11369673966576174,0.03664311425930694,-0.4216759419065892,-0.34940840281681446,0.028140362159870144,-0.508085799737578,-0.6226705169801914,-0.015443846162761236,-0.5316819609770688,-0.9246947125083139,-0.0427363186130653,-0.24870267303400398,-0.9050408088073311,0.152960996739983,-0.4496595969510909,-0.9746505391498395,0.04513949606941428,-0.39779921150680075,-0.7016091151990492,-0.020543031526837535,-0.28438848454203774,-0.6121971446714555,-0.05015352556714178,-0.18865134653407065,-0.9784942459202396,0.08342469749338917,-0.4522861053393264,-1.0068259473483119,-0.05347246225566633,-0.3642513506090872,-0.6421456910948246,-0.08612736984010623,-0.22343874701224248,-0.6031826412705892,-0.06750284819121598,-0.12399569185786959,-1.0574309162184325,-0.006723174350700707,-0.3972893331944732,-1.0321590516998154,-0.1299738072689157,-0.30158735138686676,-0.657140150769942,-0.09119003280268889,-0.16124516043226736,-0.6346896280338172,-0.027933555917152377,-0.04247821623191008,-1.10356492365946,-0.09942922857850454,-0.2872027950844579,-1.032370442530371,-0.17522010647494915,-0.233223738236497,-0.756424889615594,-0.14845912170508752,-0.11267584897012721,-0.7259258651388356,-0.1021951851695416
0.0,0.0,0.0,-0.2593102501003456,-0.09844623649447723,0.03081262009579845,-0.427889365132212,-0.3312269188932021,0.020607153290653674,-0.5145239382791477,-0.6024766807894333,-0.022390448745064902,-0.5369882860950622,-0.9048893328578289,-0.04817230842413011,-0.2640257608591104,-0.9013934557094575,0.14835368540927016,-0.464433051507302,-0.9620764849595873,0.042128141411782546,-0.4122598359515806,-0.6855084981909693,-0.024097224473510166,-0.3005841035818942,-0.6008683157417467,-0.05559833100767117,-0.19863657836451254,-0.976587396587776,0.08258672146022346,-0.4611608527729647,-0.990401117030286,-0.0515825199248635,-0.3731539945173482,-0.6307557654411452,-0.08434399837431776,-0.23264313821267568,-0.6004989757798639,-0.06773591841021336,-0.13004487115769084,-1.0518045621401324,-0.00414965473064049,-0.40131650483432657,-1.0156740720288704,-0.12477366736766851,-0.3073515030177862,-0.6477713341490623,-0.0882329686326853,-0.1672210353063349,-0.6335287464248056,-0.028413640418361415,-0.046809443264347675,-1.0965266032694796,-0.09390675086306614,-0.29420024949103446,-1.0165683347204624,-0.16868315494381655,-0.2393539415982425,-0.7442565513221137,-0.14449455828494048,-0.1181975816111398,-0.7203944389007583,-0.10108775524940458
0.0,0.0,0.0,-0.25638995933562003,-0.1122709754072593,0.03737572639238782,-0.42101397281505715,-0.34760148504853117,0.028900333436423523,-0.5060513556955999,-0.6140364437786588,-0.013906221516810431,-0.5295156083638562,-0.9115432452391758,-0.039744358543719535,-0.2543345262094728,-0.9085045791386531,0.1493805566005149,-0.45477399130479,-0.9696823992730369,0.04291131753349545,-0.40283082972495016,-0.6905851926224232,-0.022244583380055024,-0.2916691428016015,-0.6055984560443781,-0.05258229633062039,-0.1912821205866218,-0.9783004502996049,0.07962021908708447,-0.45110370306448916,-0.9924453351109097,-0.054039018309603906,-0.3623821378252612,-0.6302392268016307,-0.08466971927974865,-0.22212056453802265,-0.6036550722600401,-0.06698745075369632,-0.12511429506410893,-1.0505234222534847,-0.010553830390004394,-0.3928750216065226,-1.0165282121952945,-0.1304745938165991,-0.2976994142790869,-0.6490191446862132,-0.09021023709035395,-0.1575272563666121,-0.6380674420177859,-0.028436522799290435,-0.04398945110085843,-1.0923807984783984,-0.10330516354423604,-0.2857166335673317,-1.019544020230088,-0.17702368607557828,-0.2316407248154962,-0.7458860247789164,-0.14963258018661352,-0.1112006800942982,-0.7199584793803274,-0.1043022065999894
0.0,0.0,0.0,-0.2565505009244129,-0.11163061197187676,0.03301400126755362,-0.42347635497795927,-0.3464151078968154,0.02303179706427357,-0.5100969900514017,-0.6165154611336187,-0.020938176415634925,-0.5279668007706733,-0.9205054426577436,-0.047905604514460895,-0.2479121627955288,-0.9086681251489374,0.15373150930482646,-0.44699244492848544,-0.9776766134279248,0.0477172837431673,-0.3998759181496376,-0.7036457858964138,-0.017996621338717492,-0.28914493103210953,-0.6158368521622636,-0.04869233930459429,-0.18384146252695452,-0.9791977890715904,0.08587203580479282,-0.44632984833232686,-1.0053890733119848,-0.04908896626107311,-0.3625287444519323,-0.6453666038679184,-0.08220603268366647,-0.22084064897215044,-0.6126097947441448,-0.06506850622161979,-0.11679584336800325,-1.0529656739697173,-0.003129080974161501,-0.3870479758795562,-1.0199222207772856,-0.12405732119841334,-0.29583923149629426,-0.6562505084733005,-0.08633709157805164,-0.15550767737998888,-0.6447705375630692,-0.025202403370069074,-0.034847438955764726,-1.0957305558809078,-0.09506394882333881,-0.28019288566522116,-1.0291688036372248,-0.16828227519122996,-0.22785519694026476,-0.7558747708911631,-0.14091777436887798,-0.10701431186065496,-0.7274931741450192,-0.0952890241817344
0.0,0.0,0.0,-0.25379859552726436,-0.11289857387759479,0.03613525972146115,-0.42056812039482777,-0.34446938108071046,0.024168717756678077,-0.5117212657326395,-0.6119059722503694,-0.022510405153038888,-0.527750990160907,-0.9197650575234505,-0.05264758353285564,-0.24866853347278361,-0.902049328921359,0.1537334166068478,-0.449054634037015,-0.9697260528700232,0.04922052677942594,-0.40311973051380473,-0.6956960837783059,-0.014465076571184314,-0.2930343582771457,-0.6121450098246692,-0.04463286578423707,-0.1837409671357144,-0.9794206050579052,0.0835136838131274,-0.44955683845019045,-0.9991726631844576,-0.04882325365734093,-0.3654742441544548,-0.6408635703196439,-0.07880231453084985,-0.22303536174344288,-0.6153386420201749,-0.060672773269546426,-0.11586083574174966,-1.0575217350710757,-0.007533054744806856,-0.3905332746911845,-1.024055685394073,-0.12624295040629913,-0.2988303429324828,-0.6563173494981357,-0.0866907870369921,-0.15872591049237006,-0.6467666708691249,-0.02600835571793662,-0.033203446605991054,-1.1015359942355003,-0.1014233873168656,-0.2805678722559665,-1.0246338857153043,-0.17473833253124862,-0.22806259253954556,-0.7484875320624501,-0.14838400304458446,-0.10786119525994167,-0.7216923220120078,-0.10429436811675434
0.0,0.0,0.0,-0.24895083616379657,-0.1034133810773663,0.029531189764408623,-0.41829411709485814,-0.3370943475833154,0.016981420401938827,-0.5080203666702274,-0.606526018543594,-0.028900555057469197,-0.5213498873415726,-0.9114681065546409,-0.057422074077136336,-0.24713976856906938,-0.9048122582869877,0.14919367512531415,-0.4451548644833547,-0.9712710160504925,0.040174405844516946,-0.39867786570724556,-0.6922831263316902,-0.025756028098697682,-0.2876538041632868,-0.6044178068075617,-0.056482076523064806,-0.1823738524853003,-0.9797621862752042,0.08249749253705842,-0.4435576865210931,-0.998369907433786,-0.05431656385602491,-0.35879263855784,-0.6338244725639294,-0.08481359716223133,-0.2177527319245419,-0.6048695020018614,-0.06563077969030275,-0.11345085150893768,-1.0553073050339314,-0.0062118774741947635,-0.3842039903778144,-1.0195092199648152,-0.12996281061443746,-0.2916391907327724,-0.6467981873804242,-0.09126375574607917,-0.15213712348226496,-0.6341784734429785,-0.029358650512642817,-0.029242412958440513,-1.097916127856658,-0.09819375586562978,-0.2783349397226468,-1.0127944843616414,-0.1753970128240361,-0.22302303564264736,-0.7357340831767565,-0.15117769240577683,-0.10103329486124857,-0.7112971926675615,-0.10739890683078174
0.0,0.0,0.0,-0.2487118075317094,-0.09991738483046832,0.03049221845482609,-0.4231090931174661,-0.3352766116506731,0.017913475591051282,-0.5149136151503193,-0.606612421785161,-0.027732920771661323,-0.5280379776420823,-0.9130584480558073,-0.05596281519586969,-0.2528573937618872,-0.9016564979232773,0.14548218599958607,-0.4560271893158874,-0.9662473583944026,0.03640541477224278,-0.40889513608353695,-0.6862344919111093,-0.027484255285509077,-0.29744978201411076,-0.6048592702919566,-0.05695430114139677,-0.18575443144552423,-0.9795044322763732,0.07788683039699122,-0.4517938093968031,-0.999590244470027,-0.0589613092487169,-0.36651324319231005,-0.6313518666335565,-0.08695199529118205,-0.2246388687763565,-0.6067106508996223,-0.06594854621993886,-0.11488881764542865,-1.057141276119062,-0.011462672702694318,-0.38986409587068716,-1.0234750052797779,-0.13705317521879778,-0.2959209921703344,-0.6438598584463553,-0.09710674192710697,-0.15482700610021713,-0.6345966034098635,-0.034055213064567776,-0.02961120058294025,-1.102403006177794,-0.10375779443301213,-0.2813626660930973,-1.0186159535415606,-0.18301759507439855,-0.22723093774133468,-0.7357714570196836,-0.15897423281049575,-0.10527370728207873,-0.7117638531025868,-0.11516556486743099
0.0,0.0,0.0,-0.2429745998428535,-0.0876309436511439,0.022065146865979594,-0.4216782145375182,-0.3284245237631247,0.007507430695039637,-0.5137395029453078,-0.6100241846367837,-0.03796298852081842,-0.525947378085187,-0.9204447218700873,-0.06565056171949953,-0.25607587205179283,-0.9002702328153963,0.13696614017931102,-0.45817631201454095,-0.9621610498480776,0.025394957545217495,-0.4078880087912732,-0.6796754557289734,-0.03881907000581132,-0.29683445575410333,-0.6019903963094375,-0.06805801237208436,-0.1887211968682708,-0.9791660148958635,0.07495482056252845,-0.4501707957463423,-1.0053771540197232,-0.06426381721831594,-0.36115565207933803,-0.6305700554604359,-0.09041668762827255,-0.22282544255315867,-0.602601072787023,-0.0668292309333725,-0.11674664104357833,-1.0575237231466361,-0.009571701682410474,-0.3876789147361857,-1.0346402053844341,-0.1387707155168772,-0.2910527065702084,-0.6464974027017567,-0.0992919231159954,-0.1521210938018439,-0.6319660166529015,-0.0350490403945992,-0.02895533827294995,-1.104761358099655,-0.0972373218976006,-0.27867746084017614,-1.0169793285644269,-0.1790795473022697,-0.2206292689985829,-0.728810032762551,-0.15655512709932942,-0.09843177495137162,-0.7050106133722076,-0.11303753675695005
0.0,0.0,0.0,-0.2593066292956476,-0.11312536505762386,0.03803663330341338,-0.433115401219934,-0.3500720266896349,0.029796331457799616,-0.5230832241971609,-0.6269974228253337,-0.014800835438534717,-0.538536948666376,-0.941384734917292,-0.04396975477706775,-0.2546518458099083,-0.9004868656082737,0.15598096398651673,-0.4598335680658222,-0.9752955896267821,0.04334993130642912,-0.4124425304372865,-0.6948903401306988,-0.02603408835769025,-0.29748096978510996,-0.603104987703894,-0.05828323487990594,-0.1907507181743275,-0.9780482698949714,0.08387934949337357,-0.4543415734110305,-1.0306215824394587,-0.05854634326714545,-0.3693218919757509,-0.6515701352302974,-0.09372294912334406,-0.2255538607028572,-0.6041678057362831,-0.07555343018631035,-0.11815393233532653,-1.0642031294801966,-0.009435056906389551,-0.39481708065644183,-1.0607217782192895,-0.13890957408220986,-0.3003776789497093,-0.6722909388296702,-0.10095872323130697,-0.1563358775505194,-0.647267012698033,-0.03686721459972896,-0.023921010454487458,-1.119758531519075,-0.10475669321519236,-0.27779832647106095,-1.065336348837151,-0.18465548485017044,-0.22529046065710248,-0.77671718899036,-0.15667509196481333,-0.10160420557598941,-0.7399093946700364,-0.10889254058716613
0.0,0.0,0.0,-0.2638525883643733,-0.11530513584369817,0.03992703619852291,-0.4419613474378868,-0.35479960389799164,0.03326525632838454,-0.5345767887714431,-0.6420636997157855,-0.011912185212656395,-0.5477291169669954,-0.9697030865869628,-0.042198385055828964,-0.2646930522587857,-0.8885655325411601,0.16474770041926506,-0.47230556155894154,-0.9908540929176907,0.05186347963172731,-0.4291560084055904,-0.704343182958684,-0.016817007178328666,-0.31206450347056885,-0.60288010767856,-0.04780964402959752,-0.19664496263422684,-0.9761738093822404,0.09173577571890285,-0.4668688475992398,-1.0552993688202994,-0.05408536233548075,-0.38324964875939677,-0.6620536722861153,-0.0911593948628918,-0.23276320852834556,-0.6027501341714533,-0.07240036693892861,-0.11921755070553489,-1.0721627826792937,-0.003002216624085583,-0.4035993483684521,-1.0925194409425407,-0.13638546497583012,-0.31049656535489123,-0.6900864337825988,-0.10057529433026581,-0.15895288145986125,-0.6506870055221381,-0.03556026755852479,-0.01926698019413731,-1.1391114049415576,-0.09954981426894825,-0.2744351681272203,-1.1088966925544441,-0.18194797569890103,-0.23022365357823496,-0.8123721612702337,-0.15559867777200712,-0.10560665899307616,-0.7585756313169391,-0.10793363622214283
0.0,0.0,0.0,-0.2554004139552127,-0.1372374271707332,0.03997840544809381,-0.42533688178809514,-0.3858969216293873,0.03207270374149248,-0.5162813281620514,-0.6705523800658979,-0.015505379360722526,-0.5371117802329498,-0.9988507531045234,-0.04986332379426753,-0.2513295616048462,-0.8976086910807626,0.1557825075553232,-0.4516042392222544,-1.0399929499344804,0.03760421689906099,-0.4136433913473661,-0.7417952903517316,-0.031629675653580026,-0.29727450189176247,-0.6127472348201087,-0.05998984597508802,-0.18588022035686555,-0.9791617924649678,0.08179686948089326,-0.4487399113372481,-1.1015695320885672,-0.06904434110712562,-0.36927577160926794,-0.6961507236362987,-0.10717728549272898,-0.22011634013241882,-0.6074092563189074,-0.08599086588814109,-0.1039591972774462,-1.075489009890259,-0.013181275529761755,-0.3862461598010163,-1.1294142100715445,-0.15368008914592163,-0.29245846438917533,-0.7223742466497391,-0.1182233050107565,-0.13961406718369795,-0.6606386150128254,-0.04916809236586302,0.004724775675844571,-1.1422891938466768,-0.10893187495402384,-0.24838906243137762,-1.1526742388055655,-0.1950230290590136,-0.20713775861433079,-0.8508952112371443,-0.1644898549093848,-0.08295244939425771,-0.7723548280310346,-0.11129266091933106
0.0,0.0,0.0,-0.25897274914380347,-0.14755777814531745,0.06302309358860145,-0.4223664888531709,-0.40028486928143736,0.07215297830572201,-0.5149635397038549,-0.6857888585560696,0.03516251723423182,-0.5387225562846158,-1.0183080484978726,0.007751683627491217,-0.26143206155490695,-0.8903629123042597,0.20726105369066347,-0.43991367565748773,-1.0735906272497264,0.10323039292262325,-0.4128687296722665,-0.7883942332491496,0.03459104287914812,-0.3051316123001714,-0.6395159459343803,0.005331359574306394,-0.18993367852822926,-0.9740831936475051,0.12282967725355491,-0.43438058517783956,-1.160421293640322,-0.016360559528643893,-0.37024201711773697,-0.7505300523926796,-0.06338256359678485,-0.22676319876922027,-0.6089477896655768,-0.04785879205650198,-0.09626427274725673,-1.0694156194392281,0.01800039084331963,-0.36365590212565124,-1.1813597606263875,-0.11789263542337615,-0.2814798795384839,-0.7617129407497518,-0.09207373629224855,-0.13225654426507288,-0.6503762579435627,-0.02711482984911857,0.02534725203745021,-1.134488934017542,-0.08519336099404703,-0.22503602593422636,-1.1960303396242407,-0.16824918187649504,-0.19727440470717642,-0.882863555883822,-0.13787419386920186,-0.07975609590243543,-0.7650945557225749,-0.08410639498620304
0.0,0.0,0.0,-0.2793230226292034,-0.15664015423824476,0.08220749770518183,-0.42808419638640083,-0.4173114493122494,0.10027348397980594,-0.512932390350562,-0.7054304584817703,0.06500993575084103,-0.5464528904484884,-1.0386463762007523,0.03582048891433113,-0.25092780067627735,-0.8886559799785273,0.24087275782731185,-0.44294589251196015,-1.0880273233025226,0.14637013471599108,-0.4221448862526497,-0.7951518637311058,0.07954207519840059,-0.30930287399908013,-0.6395980615354026,0.050548632916736023,-0.18094764721168852,-0.9725826536172936,0.14608535467766032,-0.4395433559258868,-1.184255006109429,0.01021567153924469,-0.3798445045638235,-0.7643606645307146,-0.042815030175701894,-0.22750095561872133,-0.6114185482989201,-0.030268395746230435,-0.08710557104087983,-1.077077421784776,0.03206322785406801,-0.36804494495709916,-1.2131500915302675,-0.09789363310273717,-0.2892539200747007,-0.7803955818199171,-0.07581102516554382,-0.12960506846796163,-0.6551715476223486,-0.013100928581660344,0.036009934854891484,-1.1583261595540744,-0.07957836325736732,-0.21656105869076464,-1.2404964176487674,-0.1547846871897529,-0.19383917119181204,-0.931728179167479,-0.12283746221441968,-0.07126025292891332,-0.808052904272249,-0.06907214852080962
0.0,0.0,0.0,-0.28336866503431507,-0.14820893107660185,0.08385876529968402,-0.4290788086025909,-0.41268706823926654,0.10767937131141743,-0.5122285123597672,-0.7001713411423556,0.07901185668552799,-0.5509275972708023,-1.0272426366374465,0.056921996268743266,-0.2605354359321425,-0.893873704374389,0.25123980205157054,-0.44934446965525443,-1.0796535284295656,0.15991252779664927,-0.4296097084048473,-0.7856476422335767,0.09001108619470874,-0.31864185805899475,-0.6203085352612273,0.05947005933296779,-0.18898767207312894,-0.9690176397234506,0.15902350049339373,-0.437739186258562,-1.1675812109963877,0.030372994704004393,-0.3829578734195261,-0.7571916038896928,-0.02632159038967126,-0.237658980170407,-0.5911214648459502,-0.018542625741475912,-0.09468859482592125,-1.0617019265914605,0.04751994779773149,-0.36440169540084877,-1.1894636924094992,-0.07284021158703172,-0.29401412553165146,-0.7677775978774647,-0.05547454293992904,-0.1430200601797846,-0.6302716832371753,0.0015760912795262023,0.029476999502069397,-1.1335281561137358,-0.06168558775946532,-0.21477941973146536,-1.228113341306559,-0.12749718807449328,-0.1973917944489286,-0.9333927822998404,-0.09559650290718867,-0.08013816686718385,-0.8044994810508116,-0.04342634674079324
0.0,0.0,0.0,-0.28963893974518784,-0.16675927429845858,0.07834903055511697,-0.4340687977405801,-0.4332547784600368,0.0954296826373383,-0.5106797248999096,-0.725714606211731,0.06047328461991731,-0.5493368193247219,-1.0519387138234426,0.032530669967472656,-0.2568855679351044,-0.8980058790886197,0.23242293878863662,-0.44792574846746813,-1.0994197821501224,0.13065303906806397,-0.42363700098823565,-0.8017663545636555,0.05749465281092758,-0.30997594461836325,-0.6419554037808757,0.02588317766656867,-0.18729451565506552,-0.9721513471897957,0.14086348910416643,-0.4418909300324231,-1.1821082870354225,-0.0013970807618134862,-0.38057141141704964,-0.7604300046260618,-0.058606589150103416,-0.23023660561234616,-0.6024178845291545,-0.04849527267064898,-0.09384745462229611,-1.0713715250948106,0.03017966131261361,-0.3686566391421742,-1.2045762728457576,-0.10029358211971241,-0.2902787363561145,-0.7726613671810281,-0.07776233798159496,-0.13377654606255082,-0.6428693989393425,-0.014919742650698812,0.033344895754463706,-1.1506842513472377,-0.07863851291479636,-0.21218630390775284,-1.2392571207728649,-0.1509039811890163,-0.18988114645741797,-0.939452006460796,-0.11663253203161633,-0.06901374059281436,-0.8211141373310051,-0.06132170074808532
0.0,0.0,0.0,-0.296909849224488,-0.15712697772240375,0.08585165340076269,-0.4439386093858649,-0.4231607594334772,0.10505408839739536,-0.5254669590514462,-0.7280730462573393,0.07008647875815585,-0.5591436516194337,-1.0677835429221738,0.04038766380762745,-0.2663009182547404,-0.8822273062181969,0.24698594064872162,-0.45867471272731064,-1.090268506906695,0.15213000562021545,-0.4351530105721351,-0.7977923893014081,0.07981492035220636,-0.32211420746448793,-0.6306868225270958,0.04668371604428267,-0.1935234447212167,-0.9692370240335744,0.15207980663380175,-0.4534627621732621,-1.198853809277109,0.015426454432968934,-0.3906785778050555,-0.7771932217620044,-0.043876138561674,-0.23849616064280219,-0.6048523870123749,-0.0364961747300855,-0.09409821388110551,-1.0798642481915146,0.03874941695549818,-0.37924214302338205,-1.2315402717918642,-0.08835780654082188,-0.2966264918660253,-0.7913869416087185,-0.06906682236966964,-0.13430175680251927,-0.6470434866467262,-0.009825964307119094,0.03940035913879462,-1.1699427414060568,-0.07186110324814321,-0.2157469747922726,-1.2493251279642112,-0.14561789263431882,-0.18896564921385162,-0.9452437777232827,-0.1153162225479623,-0.06109620582852738,-0.823936794448866,-0.06363288109438361
0.0,0.0,0.0,-0.2824648364551645,-0.16001848139196614,0.07773254101231165,-0.42572267521013374,-0.44322977564713006,0.09699681543469257,-0.49775272494410483,-0.7441949042953075,0.0641814143320599,-0.5276678408061671,-1.0715930970834582,0.03764115088820553,-0.24791332430802365,-0.8913634512294224,0.23670257512933307,-0.4303733350200531,-1.089221312362962,0.14203086881229182,-0.40137058427324324,-0.7912572793887346,0.0740437072796062,-0.28610178505227873,-0.6306807688670337,0.04466587822291458,-0.1745945525928266,-0.973940376634019,0.1447649300310544,-0.4250167558491554,-1.1974718317690811,0.007917328717742115,-0.35990351471383814,-0.7792684114041645,-0.045690705194222164,-0.20890108244489558,-0.6188843333491748,-0.03291799239635018,-0.07524484804325457,-1.0822301832927697,0.03366330091943133,-0.35083816884706664,-1.2249715323061368,-0.09565537524635774,-0.269729510670595,-0.7942393570295637,-0.07294635009612577,-0.11279795633890134,-0.6624396329927218,-0.00948152259179296,0.05693373523233997,-1.1680485572767467,-0.0755017731781218,-0.19049512970565388,-1.2640234367778131,-0.14924189754982622,-0.16643531590935984,-0.9645317052219577,-0.11517936468354738,-0.044043262335467494,-0.8409619098995916,-0.059915529275964136
0.0,0.0,0.0,-0.28970928413974745,-0.1715657316158664,0.09862152703400878,-0.4281143094248649,-0.44006300972538737,0.12608232113723825,-0.501753271652656,-0.7382535311498034,0.09486170630881148,-0.532054595151781,-1.0716136579941984,0.06909371222195847,-0.24162952380920977,-0.889196758086629,0.2801931606501868,-0.4270839373868471,-1.088487380975953,0.19379066565369904,-0.40791685831803753,-0.7964424362441783,0.12558882873029317,-0.29791434958186747,-0.6253419286503507,0.09554837778130294,-0.17238545985761305,-0.968854760090112,0.17777431501882032,-0.43125162155621743,-1.1864563293363448,0.04574900444370953,-0.37223997543635906,-0.7659899714275857,-0.012687693286509986,-0.2185709324135785,-0.5953662368601216,-0.0031732862037957407,-0.07870922619167271,-1.073592554778715,0.05576089278254003,-0.3590620593711838,-1.2144039155410211,-0.06821233742879897,-0.2836209503381071,-0.7815176077422271,-0.05023896407465998,-0.12244856941859147,-0.6402426548824065,0.009382206835692651,0.04784903130935388,-1.1605104868595233,-0.06331319408911931,-0.20081835530924078,-1.25611477658442,-0.13097840636965932,-0.18201105283167865,-0.953192552768556,-0.09856572559687711,-0.05685599935611054,-0.8223649296470389,-0.04555232006081864
0.0,0.0,0.0,-0.28430393591440917,-0.1683201508143203,0.1027971592702568,-0.42043024077940466,-0.4366356519671487,0.1322992978457193,-0.49423200675300516,-0.7361849972575808,0.10277988342952026,-0.5226696829442169,-1.0684458537078552,0.07925036822156098,-0.2387078540362266,-0.889289019251658,0.28237297001245615,-0.42758545761958117,-1.0795231634555638,0.19639421546921584,-0.40830608859727774,-0.7805042466948351,0.13043618953298713,-0.2980835656733179,-0.6168822486467921,0.10230485646422488,-0.16805387293953636,-0.9694601820214297,0.17861929141332566,-0.42842958851398555,-1.1788022663526887,0.048826682025822216,-0.36696044226921787,-0.753809639486584,-0.0053548264758394686,-0.21249875347936728,-0.5943064396182348,0.006746531900236439,-0.07337131677752115,-1.0749715385987657,0.055375950120780275,-0.35404646586451755,-1.2109837243745682,-0.06683903678057941,-0.277713308252346,-0.7749612122506719,-0.04572348598228257,-0.11663146098349192,-0.6421886571976874,0.015373430024035038,0.05225903501563349,-1.1621352484543817,-0.0646403047896179,-0.19699632589149932,-1.2567036855272038,-0.1300174589309775,-0.17753726935594882,-0.9485223322884184,-0.0958215158769016,-0.05170545732858265,-0.8176750363432467,-0.04185893359001503
0.0,0.0,0.0,-0.28511005429743497,-0.1671412391589349,0.10503705540735989,-0.4205451853701622,-0.4334412015494194,0.13519670614112186,-0.4945100619096601,-0.7326025716388879,0.1059167902351804,-0.5220001453238996,-1.0662207211826933,0.08251083898667952,-0.24097307356199965,-0.8892354978095511,0.28074834677973437,-0.4299611921814686,-1.088988690661658,0.19254646554779065,-0.4121909959128885,-0.7821753819373383,0.12631937194779552,-0.3023087741163364,-0.6126257777404718,0.09846606050848954,-0.16853238619538816,-0.9698611742648476,0.17597197918105972,-0.43074105091681053,-1.184613608131074,0.044366313561445554,-0.3710620777243068,-0.7507862568201323,-0.009643479743532541,-0.21579736897946158,-0.5860765642835075,0.002808551810220635,-0.07168350626816156,-1.0756638151713984,0.051931541731902654,-0.35504259502379,-1.2185009269256784,-0.07230423836170477,-0.27841183628076455,-0.7728843541026812,-0.050780751452266175,-0.11568920868336643,-0.6339732452418951,0.010929240349301438,0.055933131525429905,-1.1626028197505593,-0.06844163836135503,-0.19635507495071047,-1.2560132659774705,-0.13601212997345857,-0.17653582820206548,-0.9413000764549472,-0.10248610215576966,-0.04927674115013807,-0.8071789884532403,-0.04853537405531642
0.0,0.0,0.0,-0.28192697803593075,-0.1612898055613489,0.09163764772906043,-0.4241312524710764,-0.4274142449372881,0.11562368200660324,-0.49837331596940676,-0.7242316519526131,0.08365460948550327,-0.5214636963150958,-1.0553119044243673,0.05874628853308531,-0.2436831277242581,-0.8922746834540148,0.2602305585066383,-0.432372115746545,-1.0757780242402033,0.1650694420814391,-0.4071580810234387,-0.7668450447600258,0.09617692444920992,-0.2932362344994298,-0.5984395789221401,0.06738757633523779,-0.17374158356201883,-0.9714508988940136,0.1615456999717882,-0.4318001019980361,-1.1713078341475,0.02460131384795316,-0.36665905584105407,-0.7419397318055312,-0.02828732535194258,-0.21134238901907115,-0.5836221889953198,-0.014479491296593422,-0.0775152672255373,-1.0773532582400462,0.042665457121284174,-0.3580248860522404,-1.2080221312413522,-0.08574553498770987,-0.2779906499894783,-0.7700153412310289,-0.06374781478988627,-0.11731351909250425,-0.6396710025767269,-0.0009051365963519872,0.0511341136210943,-1.1638390262868685,-0.07357624995498498,-0.20248358021976362,-1.2486976047191303,-0.144153560165918,-0.17548172016509572,-0.9424424728400239,-0.1114613916120866,-0.045751813128323354,-0.8202913087327058,-0.05737713010333545
0.0,0.0,0.0,-0.2869313021430257,-0.1668196862032163,0.09372835572483168,-0.42483203231151573,-0.4377992474181764,0.11883523178507142,-0.4989054906903669,-0.7376221170796363,0.0880038418918654,-0.5248170743166399,-1.0677869043724786,0.06390725301687974,-0.25006934934451935,-0.8863165903735953,0.2576913142029442,-0.4344245526601805,-1.0828756789375378,0.16627829579264347,-0.40862339420464067,-0.7749219627965677,0.10071588124658803,-0.2984165353031556,-0.6077423159218577,0.07328107282445644,-0.17663026453270836,-0.971443862193815,0.15842528919673687,-0.43355308228977274,-1.1774898691040658,0.026017053077189704,-0.36685170984946225,-0.746472884902134,-0.024099436441848098,-0.2139044713019523,-0.5899778252369958,-0.009857586048594434,-0.07750933121994297,-1.0803988550505388,0.039975310292653374,-0.3580293733352912,-1.2151199749293282,-0.08599233014681892,-0.2752640578394113,-0.7738641658162331,-0.061232599250650575,-0.1153871955891955,-0.6398770560091108,0.0021987421274668956,0.0523910318661791,-1.168149930467768,-0.07560145643914364,-0.19836777670526345,-1.2526253130042104,-0.14714982751585623,-0.17359801472946923,-0.9412490511979267,-0.11343700702530052,-0.048600275372937575,-0.8117135988771589,-0.0588779609737247
0.0,0.0,0.0,-0.2884693454664889,-0.16625694875471708,0.09397113740057965,-0.4227995163801493,-0.43843943288871756,0.1187892503508376,-0.49518395869448106,-0.7383080070893973,0.08737343641248407,-0.5211234500783711,-1.0656595489630605,0.06216908146993306,-0.24421862419394272,-0.886034099867275,0.25780967602429683,-0.4314456749707898,-1.085149777395623,0.16515163520202947,-0.4081389037121853,-0.7802060632369654,0.09871314076395984,-0.29533208944048306,-0.6085638320193967,0.07118774748788671,-0.1711377259722275,-0.972462805336201,0.1582023103077226,-0.4306702552328573,-1.1859280643671666,0.024226332084451616,-0.36888727845147723,-0.756576073469393,-0.02774011828049659,-0.2148323996920323,-0.5939131215681255,-0.014053687753717875,-0.07295013818077373,-1.0826084623475003,0.039384898110389754,-0.35783132656263184,-1.222521452251881,-0.0874804137524024,-0.2778277632607823,-0.780307370530821,-0.06489755562943848,-0.11505461746093495,-0.6437664662647774,-0.0023573932626038898,0.05598992611318476,-1.1709729242283442,-0.07646731592794566,-0.1990061183872484,-1.2494424056518085,-0.14816729131680317,-0.17532585582723637,-0.941915990257313,-0.11622586644688858,-0.04763753328442632,-0.815695861766433,-0.06283719632413791
0.0,0.0,0.0,-0.29152164391122054,-0.1621324936596912,0.08112027112409548,-0.43183981365059615,-0.43490012317058413,0.10414811124083288,-0.5028297402160454,-0.7385765976253975,0.07445134449809158,-0.5305545441382091,-1.064199435919253,0.05323589766317087,-0.25989801946534646,-0.8846922528959976,0.24230057226726923,-0.45355290270582815,-1.0748044271457522,0.14358625720050414,-0.42418891202882675,-0.7654971467860641,0.07426144124857287,-0.30623112093658106,-0.6055176835145893,0.04580834865803705,-0.18406466927900558,-0.9713219435424617,0.1505120577100226,-0.44168362606197853,-1.174896437521339,0.011035140152800712,-0.3735223959160988,-0.74800089889132,-0.042091982545863646,-0.21609578962120082,-0.6046300889399173,-0.028629315301223854,-0.083767760559064,-1.0835479495083478,0.038663857033127975,-0.3642691202177038,-1.2241887414692776,-0.09081446090674021,-0.2840525048881239,-0.7847292147159529,-0.06886920751958006,-0.11908722451128395,-0.6611986488157363,-0.006143743689799002,0.04768545610833562,-1.178942380936099,-0.07145000953703926,-0.20475825166263856,-1.263785889758475,-0.14330208615022788,-0.18109920353413372,-0.9663702548575225,-0.11217262078063289,-0.05179339309577924,-0.8530709292425118,-0.05890816654047069
0.0,0.0,0.0,-0.2883525217786046,-0.16560777998620566,0.07413623580539837,-0.4344074034073637,-0.4295986204592184,0.08466514924671036,-0.5062180894588267,-0.7312707519149073,0.04344312690749143,-0.5268711437719225,-1.0683625879330514,0.011625981097421648,-0.23608637846973515,-0.8969263867861803,0.22563502997381613,-0.4381522380642229,-1.0732491034193747,0.11578410965161559,-0.4102300520294388,-0.7708211686201617,0.04393450194346508,-0.29246221828404617,-0.6210125903187902,0.015175439956978638,-0.1629815849178525,-0.9776603630997819,0.1327298662745784,-0.43400304228856695,-1.1653910260118667,-0.01805682734362662,-0.36685301692194555,-0.7379349877613259,-0.06730961429279578,-0.20740307188197482,-0.6126860935175181,-0.04960617114796112,-0.07249280806401052,-1.0861624529742866,0.018550717677221825,-0.3642420138805979,-1.2074064756989908,-0.11932123576172443,-0.2823625587307806,-0.7709930917257741,-0.08960587622687548,-0.11577666540586996,-0.6712566748332258,-0.020743709416732658,0.04667497096994021,-1.1746004327826092,-0.09463168361080579,-0.21040805482366545,-1.246969932227425,-0.1708727920128361,-0.18575924420766943,-0.9490260507991143,-0.13647044685885013,-0.055376964038698503,-0.8496923492224372,-0.08057323502035342
0.0,0.0,0.0,-0.29111446784393397,-0.17018337664150188,0.08965938532943167,-0.4378615344750332,-0.42709999515917857,0.10767106842759837,-0.5135560094988293,-0.7330332298972598,0.06934391784873384,-0.5288084284054165,-1.0767090319739985,0.03815966365018376,-0.24226150363298596,-0.8785317401092089,0.2586437819146639,-0.4401555019956011,-1.0753814889382967,0.1678468915710241,-0.4210293832374145,-0.7857983547632914,0.10227043918532162,-0.3098502997909246,-0.6358391657257617,0.07311787612418327,-0.17023500188107807,-0.9725453023335169,0.15866845635966076,-0.43731688819750436,-1.1824197119183804,0.023105380799801168,-0.373914124590601,-0.7601483544798617,-0.02845617420350476,-0.21512805209033448,-0.6191081999577124,-0.015519023270337946,-0.07656539281544644,-1.0893776076397974,0.038744166225954106,-0.36541377076818354,-1.2355840289494349,-0.08739264877324537,-0.28539903757045404,-0.8012552096186004,-0.061976466459655565,-0.11721510645773796,-0.688414309710153,0.00010991566700154721,0.04735170224407241,-1.1831570494026273,-0.07908375199166243,-0.2082252413066022,-1.2753860561578854,-0.14914235607603174,-0.18652586248174038,-0.9672126732114944,-0.11497423159474923,-0.055746740577754444,-0.8499362617817597,-0.0617877963751138
0.0,0.0,0.0,-0.2986925288176417,-0.18360253739976118,0.0956137056907041,-0.44019099530694855,-0.43324565497789763,0.11673353462829437,-0.513238303992579,-0.7339891653978866,0.07881483233044796,-0.5345374332864359,-1.0780844165008285,0.04816711746989461,-0.22612014373661235,-0.8810706169978537,0.2817217685138807,-0.42924951574567227,-1.066583636696708,0.19267006090451078,-0.4070724584472039,-0.7718928979059382,0.12393902823189788,-0.28823162365561295,-0.6166257565520317,0.09265772203496347,-0.1580814939421244,-0.9709865751202478,0.17943052195565135,-0.4341998687102358,-1.166105175155105,0.04321104949710912,-0.3709250956569796,-0.7524978295536219,-0.015161230775430965,-0.20458316735900178,-0.6223664502041873,-0.006764075683908356,-0.07212237634373282,-1.0848166961862793,0.05622803221988728,-0.3699803855338195,-1.2140389397333962,-0.06758835535131327,-0.2926718639761863,-0.7922783964471902,-0.04804178309423678,-0.11805460377283263,-0.694904673663036,0.00972890025592881,0.04318645493954529,-1.1817835617558916,-0.06497142338770613,-0.21675934555052023,-1.257979775758238,-0.1310029695186744,-0.1978209641473552,-0.9585263160705959,-0.09935790946977077,-0.06300070951290496,-0.8523067879760797,-0.048813730605788704
0.0,0.0,0.0,-0.28480951612072336,-0.1723842392115857,0.08083133437279073,-0.43552496459627477,-0.42757568697491155,0.0931525471862131,-0.5120617578095609,-0.7345162929775693,0.05166317984763683,-0.5291817723340968,-1.0754749265163708,0.020732306493778007,-0.22768619473326104,-0.8854311949307833,0.24284772927748086,-0.4389252083143079,-1.0707037622541968,0.14104183611436458,-0.4199856317668063,-0.7860093055362853,0.07402071642659443,-0.30693802908434165,-0.637664364219672,0.04641054255671751,-0.15735900158617003,-0.9767444243060701,0.14563129542377767,-0.44367781876460616,-1.1693777011074602,-0.00015834108595114553,-0.37567500593859576,-0.7491686505226519,-0.04833496082598404,-0.21101507937938177,-0.6277483825394964,-0.030823182241580316,-0.06892560727498928,-1.0938852040417548,0.026929648079014996,-0.37170371712172506,-1.2172626414859533,-0.10890637205702584,-0.28552126095961744,-0.787725017751114,-0.07921149542807052,-0.11197277005283858,-0.6947379510836343,-0.011961212206349374,0.04708905915657989,-1.187660678868031,-0.09075528419701835,-0.21301631414362923,-1.2644129024525395,-0.16826942199888642,-0.19150961156967475,-0.9539055838086316,-0.1353421878801888,-0.06139765579830094,-0.8440729444172757,-0.08119383815991342
0.0,0.0,0.0,-0.28596364902360255,-0.17155141956291506,0.07529728826202359,-0.43518339046241417,-0.4211134867571955,0.08397299763089312,-0.5134581260290046,-0.7238694147245291,0.03977786394044915,-0.528825000658293,-1.0677848916276,0.005632933686084847,-0.21815236629681206,-0.882119725635845,0.23671605800605083,-0.43033464312826547,-1.0740832857233704,0.1336615762351489,-0.41399574952645407,-0.7878465223214443,0.06462262068338036,-0.297810726641218,-0.6347201363095948,0.03499079864402769,-0.1500806062120358,-0.9784436078730414,0.14185879546723093,-0.43932446465763914,-1.1759937625434258,-0.006375194918044662,-0.37699764875750713,-0.7559746675373318,-0.05818911301702414,-0.2116703485585804,-0.6240013640792939,-0.0431350247894099,-0.06377182049101733,-1.0974830499644026,0.02549264330037201,-0.3741048026936198,-1.223785039223643,-0.11223689142584543,-0.292741218298717,-0.7913258292883608,-0.08728805254059654,-0.11862474150557789,-0.6903031676216381,-0.022900068507228845,0.04867290227256783,-1.191287394034429,-0.09005458481637403,-0.21787332025588077,-1.2569515438464567,-0.17055618419198948,-0.1970310052430325,-0.9453089536994466,-0.14213852352060177,-0.06571121626532711,-0.8349377338647778,-0.09084888763107087
0.0,0.0,0.0,-0.286535081288605,-0.16804636592296363,0.07873168679558466,-0.4336104047402268,-0.41783037629129177,0.09136362167305839,-0.5119900145657011,-0.7201112438372889,0.050683754379547814,-0.5256603151536049,-1.0595867975611635,0.01914468160453852,-0.22484470675915252,-0.8788935637154404,0.24783085636794966,-0.42823208081930547,-1.0676671881490598,0.1537930142468547,-0.41191848747528403,-0.7816045979959982,0.08635168441029467,-0.2968407032493043,-0.6244163287957918,0.05591255220076182,-0.15582905862694757,-0.9757694510570534,0.15359454049951157,-0.4340558087690274,-1.1709351216045096,0.016056038722323748,-0.37488070208552104,-0.7529630490803035,-0.036335999657259366,-0.21257603617582213,-0.6166660942636673,-0.024521834674047418,-0.06817952536557528,-1.0911724083333192,0.03849026010013179,-0.36905314105465625,-1.2182060837213717,-0.09014649766330864,-0.2924983333919271,-0.7880771388138353,-0.06712174621472124,-0.12226021167147491,-0.6787213781179202,-0.00671420063026956,0.04550046193697406,-1.1812321830173234,-0.07566284121364675,-0.21780563654840043,-1.2489328287787835,-0.14995629071380148,-0.19859397832163234,-0.9423213461575808,-0.1211072682956636,-0.06895176344649058,-0.8289602712061176,-0.07121948563932662
0.0,0.0,0.0,-0.2923968084422713,-0.16852275172359826,0.08103312380553296,-0.4384398000312354,-0.42775747084265486,0.09689860131099408,-0.5152484630714311,-0.7343890446067288,0.0590237327382634,-0.5332623993043462,-1.0721887829692276,0.029500763603935564,-0.23097077165858923,-0.8749581582416479,0.2487148739347474,-0.43215442308829133,-1.0704789860690633,0.15501619495747054,-0.4132129120416189,-0.7836160280903471,0.08746435324674007,-0.2965556762738093,-0.6252839599504847,0.056895788800688976,-0.1611720566547315,-0.9747975546651391,0.15425075550074105,-0.43681396464438527,-1.1759679218615517,0.015267258793043402,-0.37527933247789125,-0.7564060491195942,-0.038321432003245066,-0.21316938315830383,-0.6167345885302468,-0.02663049861129373,-0.07305631854193957,-1.0938125483821004,0.03939711637864889,-0.37410980405587346,-1.228048822959022,-0.09045203612405411,-0.29550325546175976,-0.7953231778392887,-0.06755576126829695,-0.12535260478109167,-0.6827497475362754,-0.006735603512879201,0.04233156359447398,-1.1872396582941356,-0.07409948349935208,-0.22322283932242926,-1.2512650197158135,-0.15017121820729915,-0.20040903875848035,-0.9410040128546946,-0.12125284491926548,-0.06899804975861218,-0.8290739005676743,-0.0708174395514806
0.0,0.0,0.0,-0.28544129762791876,-0.174785157445665,0.07607140011320018,-0.433734299512197,-0.4250663651015141,0.08521494139407627,-0.5122062067999011,-0.7208872579993024,0.04183119129445255,-0.532242707445675,-1.0592819454355782,0.007245109665628157,-0.2278405109271805,-0.8862143264543195,0.23222081960813853,-0.4327954159653693,-1.0659172506324703,0.13198609673180792,-0.41380129582789976,-0.7747486100400707,0.0626427532133094,-0.2986487876526048,-0.6186235714265667,0.031801559100859994,-0.15899816537370656,-0.9775829773342267,0.13802574337471987,-0.4379273319662931,-1.1573858208011116,-0.005253598368408219,-0.3760034388524671,-0.7396074306239252,-0.0572121346151513,-0.21411706938342936,-0.6107718574972576,-0.044780077206812784,-0.07232802099678638,-1.089869002998698,0.023223767269413807,-0.3735046899899518,-1.2074978995818684,-0.10933199455448003,-0.2949162527900665,-0.7815893758715979,-0.0847379221569645,-0.126032722081048,-0.6807613582607777,-0.022849091034601723,0.041336175317669026,-1.1778269817888567,-0.09059851745934652,-0.2220035378479503,-1.2440678481624976,-0.16839604940686104,-0.20115413884549188,-0.9394592965911824,-0.13886271229689875,-0.07160890877556342,-0.8314986772722761,-0.0878294466719867
0.0,0.0,0.0,-0.2822898501066746,-0.17169004439573918,0.06934333113483104,-0.43215695901136564,-0.4170903328573444,0.07281670684991115,-0.5119265263604654,-0.7182497616790016,0.02488216394902461,-0.5273390849754251,-1.0569178969943953,-0.013398475163833249,-0.22038944835272997,-0.8843859385116347,0.22525484802604992,-0.4287032676470884,-1.0587456289752828,0.12437847147023186,-0.4160202723434569,-0.7841456705539562,0.05876966605332851,-0.3085663779686358,-0.641333432977006,0.030557100271778898,-0.14974829864423544,-0.9798067092229886,0.13249248889946372,-0.43718642266625396,-1.1653138235851992,-0.0130794786565086,-0.3783681741560671,-0.7463312324848232,-0.05980317792642418,-0.22011060271989352,-0.6231987366919964,-0.04212369425638346,-0.06302986739805996,-1.095064440468293,0.01841211388345963,-0.3710782428733733,-1.202741488166362,-0.11686549032465789,-0.2933975852328866,-0.7747225317715742,-0.08790532130147315,-0.12687885984611422,-0.6787530317754008,-0.021718182056301945,0.04612321854655236,-1.18060654771332,-0.09551013018109492,-0.22206815539485641,-1.2344241389356472,-0.17485389141490093,-0.2025904422648266,-0.9346075989307124,-0.14517257899846212,-0.07434705681964406,-0.8334529528693985,-0.09348357025356137
0.0,0.0,0.0,-0.2872253811518994,-0.16007834773363194,0.07977837153985089,-0.4382006152267005,-0.4158943667476516,0.09450650205543026,-0.5174743040894015,-0.727857718852123,0.05577664608036593,-0.5320893735520128,-1.0680945468659035,0.027214587509758165,-0.22880323584289117,-0.8755968399509282,0.25583779685476343,-0.4346901025437431,-1.0554787304795057,0.16425206367562478,-0.4216959237445069,-0.7777340524423546,0.09964845304308084,-0.31268323265024633,-0.6307967453229523,0.07116213217328098,-0.15707154531087134,-0.974253067738927,0.16173895527962612,-0.4400423139171798,-1.1658183309548475,0.025117269550007825,-0.3807160666628873,-0.7469788695119631,-0.024207820955201527,-0.22007964403228028,-0.6185023501895445,-0.009288060529832078,-0.06879007414293176,-1.092758313954058,0.046126005165878066,-0.37384654085349195,-1.2076427722988328,-0.08071622154738393,-0.29762010582575155,-0.778010513367772,-0.05565921262566164,-0.12823303789229795,-0.6770272987690481,0.006172436603868756,0.04338890615212613,-1.1862973092726095,-0.06883655000864078,-0.2242703588057337,-1.2402372062227869,-0.14066501313684518,-0.206061297312695,-0.9364141211058646,-0.11173858992014059,-0.07587577023790518,-0.8314903721237902,-0.06217822662627904
0.0,0.0,0.0,-0.28626389491279747,-0.16690616426310656,0.07823231790860333,-0.43327564729838913,-0.42149509727981854,0.09339402396135,-0.5133204035784158,-0.7259978286829057,0.05549306869487315,-0.5313281279144949,-1.0604388388254944,0.027265347669606477,-0.23428268390777868,-0.87372811106963,0.25395199494521864,-0.44155532377297946,-1.0465595128036154,0.16304782739807352,-0.42663200836483933,-0.763190946741536,0.09820735553624531,-0.3180123808089988,-0.6226886391354364,0.06971970564037658,-0.16237929671750898,-0.9732981167650512,0.16224592413719405,-0.44084759100263304,-1.1535041556645078,0.027568286714555173,-0.38086948813885435,-0.7382112962406202,-0.022552492738252,-0.22234814481204232,-0.622152119596129,-0.009021153471128278,-0.07334713119254559,-1.0936853119548264,0.04937856637273441,-0.37337235381934375,-1.2021203582796067,-0.07537770736719737,-0.2980030555466874,-0.7793862787670659,-0.05152709051229219,-0.12995289897408516,-0.6886368393932416,0.008960326926207646,0.03939703852364293,-1.1913771136472868,-0.06279067892187475,-0.2201059198854308,-1.2514020045111391,-0.13087483091622007,-0.2059510074015789,-0.9493956185735257,-0.09951633071294118,-0.07944936612524192,-0.8437267199454136,-0.04861887568078468
0.0,0.0,0.0,-0.27371990509598015,-0.16552938430331018,0.05949697691499674,-0.41908884056490264,-0.41471464440581646,0.05983287984428883,-0.498784511990726,-0.7075194707042551,0.012779832632107288,-0.5116150034825387,-1.0398392372651828,-0.02247441740007396,-0.21688539070759666,-0.8865784269452653,0.20767963765377492,-0.4283080421629584,-1.0374127297883997,0.10225343969522593,-0.40733938324630425,-0.7574250040745576,0.035177767527514135,-0.29552430680132674,-0.6351262239145808,0.006110967249074789,-0.14695531995371816,-0.9816329683534604,0.12165874148154979,-0.4301186930564598,-1.1401471442081101,-0.024007158082640728,-0.3638762528823374,-0.7307443097638483,-0.06742434910910307,-0.20564553875520905,-0.634748024647221,-0.049047100590602626,-0.06239787316773856,-1.0950803588434987,0.014158839911705768,-0.36551194594136854,-1.1877904902995262,-0.11938585604459517,-0.28544258060014605,-0.7689677157976303,-0.08662306955752488,-0.12233607446231734,-0.6933216048923985,-0.01998172192278627,0.042249939199908146,-1.1786710321879315,-0.09423575337921107,-0.21883770989052595,-1.2142086227098645,-0.17251964617408705,-0.1958418928889302,-0.9131727686767297,-0.14211083569030908,-0.06933836786305224,-0.8205492400972783,-0.09044362366370204
0.0,0.0,0.0,-0.2758862529354669,-0.16417399296522286,0.05922758303801489,-0.422544099932359,-0.4148952734342494,0.06299443446977784,-0.49918472498654226,-0.7107807907002582,0.018923472819981087,-0.518606374237369,-1.0440352471093508,-0.012927598779220098,-0.22337264734981527,-0.8888809454116869,0.21333754555152382,-0.42861143889550907,-1.0582938194426466,0.10960556728361949,-0.4133989872559507,-0.7657692451046803,0.04206344866741012,-0.30211072933120675,-0.6230379276887232,0.013057028553838088,-0.15512435592671972,-0.9794201670672741,0.1291223084530062,-0.42881592215149494,-1.1484075354993806,-0.013245597376717577,-0.3723587467135761,-0.731742329176616,-0.05767897607485277,-0.21371808067902057,-0.6239956911744807,-0.04072921552213302,-0.06962629807097108,-1.0876103533084964,0.022790987931817212,-0.364590387723916,-1.1957031844701227,-0.10692210644136103,-0.29697910173797254,-0.7706274765799236,-0.0767920092534991,-0.13281187476283746,-0.683977446263676,-0.012629026952452055,0.04040248332854601,-1.1701158388076476,-0.08468042541218192,-0.21744112937287155,-1.221133909991677,-0.15962902826695094,-0.2034856483362853,-0.9229710105805704,-0.1306554690166958,-0.07758009530748118,-0.8258149012113711,-0.08069846796337513
0.0,0.0,0.0,-0.27491274409271177,-0.16248254823891214,0.06090212556228655,-0.42176640028356094,-0.41935210829398384,0.06696720842925172,-0.4980599199352087,-0.7143514927658334,0.025665814233636418,-0.5148127752336288,-1.0438930099631207,-0.002544382055491439,-0.21960966775296187,-0.8945783648827517,0.21129865609475595,-0.42856223126350634,-1.0547473619108967,0.10449205115882046,-0.40798944502469703,-0.7591429101408546,0.03496480334945428,-0.29407092557591985,-0.6202800274682209,0.005041930884916767,-0.1500083742259197,-0.9805476067276184,0.12658545968173449,-0.42662810793040795,-1.1407261921858851,-0.018893754978872693,-0.36373846643834756,-0.7218939760445979,-0.06432974912084614,-0.2030968967827812,-0.6205945777862357,-0.04791209195303236,-0.0660762379441585,-1.0881926778504774,0.019875715790505368,-0.3616833047405974,-1.1918072461454714,-0.11318819408230393,-0.28825983882196865,-0.7655400118578215,-0.08238868557940024,-0.12301432840723968,-0.6825241310154717,-0.017025110428014953,0.040591435931630455,-1.1719766293030867,-0.0877060615758893,-0.21691619056425995,-1.219315331438722,-0.16565405239251121,-0.1987870842307251,-0.9177943201833911,-0.13696733734470382,-0.07219465256226669,-0.8232215169679924,-0.08645556529232049
0.0,0.0,0.0,-0.2843100088164399,-0.15309327474568998,0.06940083271559458,-0.4372226790364305,-0.4081893696077289,0.07836234973180238,-0.5153333817864331,-0.7110842884259848,0.03834085139666952,-0.5318272535958543,-1.0470112216103298,0.011122494236765356,-0.23859719228588516,-0.887893603702381,0.22262887698570644,-0.45162903419016953,-1.0491241436380114,0.11870901246075254,-0.426862318027365,-0.7538759902532698,0.04937713128883502,-0.3102773174599735,-0.6199768513607108,0.01893441915256718,-0.1651527772186827,-0.9770127559857731,0.13479849709117786,-0.44598753237625965,-1.1373016621582337,-0.007334825891510646,-0.37681046518996414,-0.7184724724494449,-0.052567689589488424,-0.21281853739482315,-0.6210622392832639,-0.03707977461225682,-0.07952686358522255,-1.0883590933853657,0.02536839642631247,-0.3769178720597046,-1.1969412760037448,-0.1033745936985782,-0.2971651270481894,-0.7708638833558299,-0.07167124412942742,-0.12802370642558444,-0.6903328787307853,-0.007801656971288755,0.029344713889447968,-1.1798989248513045,-0.08435516694138198,-0.23228508926652303,-1.2240976063645226,-0.15947057476052837,-0.20812759895503338,-0.9179386003210035,-0.1304031740266406,-0.07685577798856173,-0.8259774421412113,-0.08090053156554955
0.0,0.0,0.0,-0.2755967966339477,-0.15905735615385505,0.06587329523878262,-0.4197833583724146,-0.4121325920683781,0.07033726611324218,-0.49677127832316753,-0.7061055608879918,0.026666207018316655,-0.5166337585532623,-1.040962078859384,-0.004918966471975626,-0.2146546830834805,-0.8997386773742337,0.2105429832982582,-0.42667342759092974,-1.0584398222497362,0.10154317194986938,-0.4020364969258011,-0.759883634827023,0.029665559559929274,-0.2836452057062744,-0.6193368232586316,-0.0017187658791636706,-0.14641092263067343,-0.9815645013932582,0.12286159423936938,-0.4292177938648767,-1.1371270553823751,-0.02585958302975279,-0.3621774129035911,-0.7197679990563104,-0.07463047517029855,-0.19978363983031494,-0.615928492221541,-0.060262881285993046,-0.0667238593084288,-1.0865429387352017,0.014226239836777293,-0.36757520197101967,-1.182802349194717,-0.12002040648522293,-0.28804639947520344,-0.7577802090946344,-0.09007012052101082,-0.12220074875379115,-0.6781847180744741,-0.025517796566309054,0.036231029227672434,-1.1707140588062506,-0.09449548265907017,-0.2235235103079053,-1.2093287051036676,-0.17387119548851968,-0.19812638023281012,-0.9037210771637934,-0.14521544140416404,-0.06942698408435896,-0.8141135981698183,-0.09465087407487788
0.0,0.0,0.0,-0.284890348229679,-0.16052354246362074,0.07698033601632125,-0.4329995615721489,-0.4106684028424022,0.0878917051619223,-0.5108778457603732,-0.7103209853234257,0.0483864042405333,-0.5274800658570764,-1.045622134640322,0.02100305819144613,-0.23199633051063479,-0.8886169417960234,0.23314478869882185,-0.44796551480650804,-1.0437443116898768,0.13161695131997114,-0.4210700986651843,-0.7489669524973323,0.06287900996550384,-0.303931683431751,-0.617970634881804,0.03231955138243227,-0.15806037198018388,-0.977213149797884,0.14167349318621414,-0.4453374647525624,-1.134117610746522,0.001343054240522953,-0.37340787509910833,-0.7161624329643087,-0.04435634955582508,-0.2094990393261049,-0.6169397617008417,-0.029565109075896965,-0.07352025152821064,-1.0875304871762943,0.029115184350428844,-0.37698561143303627,-1.1922837654921699,-0.09775657558961695,-0.2922114521986083,-0.7655330895269332,-0.06560021615962869,-0.1228037073453381,-0.6849160003149078,-0.00229729241562569,0.03280477010987836,-1.1757950567107256,-0.08326450234046302,-0.23067478817801565,-1.2125659572795906,-0.15788199076354467,-0.2018504314078519,-0.9043561752045317,-0.1291268245274337,-0.06984854887370398,-0.8144725033223151,-0.08023779234093542
0.0,0.0,0.0,-0.2878856047278442,-0.1633169075335508,0.08383955367379474,-0.4328536838552238,-0.41844523738137807,0.09910724879503224,-0.5121006378338452,-0.7146706070185417,0.06260944713014197,-0.5325854906454988,-1.049550243784409,0.03728249305986193,-0.2215906036801329,-0.895244408876973,0.2432850882879451,-0.4392121690109279,-1.0469821304476261,0.1434145782096741,-0.41360479476862766,-0.7492125537128453,0.07160809159279159,-0.29567566480299495,-0.6101574147531854,0.03885360059024256,-0.15211947488250566,-0.9770405380385254,0.1491692072475398,-0.4426404732305531,-1.1266375006652334,0.009730965866177577,-0.37510876089907963,-0.7125585044916087,-0.042302057651082275,-0.21149856116706256,-0.6052115663630763,-0.03244441178050832,-0.0742248546006357,-1.0841835172338,0.0347635862174002,-0.381017714087041,-1.1806468727741322,-0.09102684772535244,-0.3016399373351021,-0.7555996952855618,-0.06437934677740922,-0.13360394088519262,-0.6705429642404656,-0.0046508863040878356,0.025076607561983197,-1.1747070204930443,-0.07856263012682176,-0.23646477922698922,-1.2126883601944258,-0.15234816160827544,-0.2106338849319921,-0.9038111824462778,-0.12409020117251347,-0.08036804284939429,-0.8099786105808034,-0.07534616535513293
0.0,0.0,0.0,-0.27683357609683146,-0.16891409402375634,0.0813883701785996,-0.423642281797946,-0.4238622297561184,0.09312997895131643,-0.5029239954138174,-0.7200237636036645,0.05389977722810967,-0.5196677502139013,-1.0523402636442194,0.026929967426958863,-0.2191545126134935,-0.8963374116578143,0.23381249848153968,-0.4345303242537959,-1.0536233346353128,0.1317956130474947,-0.41147710620364186,-0.7605263512758458,0.06453678691259002,-0.2994518464411733,-0.6293705673629119,0.035952532579138045,-0.1485593825875351,-0.9789223032146975,0.1401471873211953,-0.43832857065859065,-1.1326159490508192,-0.00035852824332368465,-0.36854445233891914,-0.7156322267560155,-0.04458250864357862,-0.2066845272503835,-0.6184768344649496,-0.028144924370196934,-0.06828332606514535,-1.0859238922339824,0.025834215197944054,-0.37275389503896983,-1.1809626874697448,-0.10138045819422532,-0.28896015564898164,-0.7557357412487458,-0.06857773454229024,-0.12217032840685424,-0.6804803865432202,-0.004221625833747171,0.031218507660461556,-1.1722721453114058,-0.08765406032426612,-0.22790270142453686,-1.212473758077944,-0.1617481937230626,-0.20106237044328634,-0.9030471851399686,-0.13147383555852973,-0.07161297693250646,-0.8133116345424798,-0.08108449902649931
0.0,0.0,0.0,-0.2855522450722013,-0.17957402793090954,0.08837608278691435,-0.43087632771188145,-0.42073091368659804,0.10108599319681781,-0.5131099429043668,-0.7199292722798412,0.059642629150620394,-0.5305999617540846,-1.0615108055917322,0.02981488126636727,-0.2123133683488177,-0.8888788956448356,0.2563000355202348,-0.4396621474303273,-1.0558029805850115,0.1603612286026503,-0.420177541081814,-0.772225604276478,0.09271567874004656,-0.30679131963858886,-0.64178167853089,0.06304664210315322,-0.14145871134618168,-0.9769949340114059,0.15959427276793564,-0.44549090569235594,-1.1405026856896603,0.024254662068265122,-0.38018070771997187,-0.7302401739176514,-0.02469370092832773,-0.21514787412235303,-0.6279628388742998,-0.012510839625830194,-0.06303979778604403,-1.0904891092893487,0.042347488812939156,-0.3810121394504797,-1.197560842615376,-0.07786916441614838,-0.3023116723052286,-0.7742371648637377,-0.04754582145906296,-0.13235239978085145,-0.6925002621130747,0.013899947085830032,0.03373551094821632,-1.1823155147150597,-0.07411425079992139,-0.23155486016550433,-1.233665971436176,-0.14002055050328777,-0.20956872010244618,-0.9268154955922042,-0.10784902853567647,-0.0784947932497427,-0.8298055588703493,-0.05737573182223808
0.0,0.0,0.0,-0.2763968998256696,-0.16430026925921867,0.06585573813928217,-0.4259960797939787,-0.4026653306186178,0.06681393675587662,-0.506221493594482,-0.6976379307256504,0.02049207166388067,-0.5199619940985933,-1.0308549646295344,-0.013387169662742471,-0.2068713845770697,-0.8956494659913636,0.21356674473725534,-0.4355494297354376,-1.0330857494259427,0.11053313558580449,-0.40510724457091346,-0.7555034473604466,0.03959638137659481,-0.28888308787935235,-0.6293440022197273,0.00678948361190656,-0.1338500201338794,-0.9829659115165434,0.12594518214926312,-0.4340886310156514,-1.1096101717559672,-0.014286530383427169,-0.35805036777780064,-0.716297447327001,-0.06359442537462894,-0.19764254796780817,-0.62269392253417,-0.0539032855572718,-0.05760331572707951,-1.0907130126730187,0.017936481445785312,-0.3717766952598733,-1.168291370245338,-0.10784723924794812,-0.2848281374015785,-0.7577757737731752,-0.07749330710912535,-0.12351177800641289,-0.6807906060456671,-0.017460412006176932,0.03386790233626766,-1.1683205715579867,-0.09088257477451266,-0.23571812731243957,-1.196969625072161,-0.16602043111494422,-0.2042799208060204,-0.8924038439444918,-0.1372403535101768,-0.07855544082442116,-0.8018321240557068,-0.08855724461934278
0.0,0.0,0.0,-0.2716109979185789,-0.1764249978530998,0.06275753288789476,-0.4169461255806752,-0.41153960813403034,0.059596811243296584,-0.4983415883909442,-0.7075623427494789,0.010209558311697524,-0.5123691566459276,-1.0439763878662098,-0.025396779073182923,-0.20240359542826433,-0.8946289271664987,0.20509472884850147,-0.4294689768360609,-1.04676979205784,0.10443067218748216,-0.4045839150235815,-0.7709004646806377,0.04055380750160851,-0.29169010269316575,-0.6599048653722415,0.01211362418790509,-0.12921480902569377,-0.9844023918998465,0.11939624763917252,-0.43049005234492926,-1.1293712882451943,-0.017959196490323997,-0.36066317609147636,-0.7351606112184319,-0.05823363988573527,-0.2009249149944448,-0.6568453232653217,-0.042521309322517874,-0.051026510737747284,-1.0932134987766524,0.013204228726074749,-0.36726762119189826,-1.1880839897030548,-0.11054159946600749,-0.2873260303895657,-0.7756125918305371,-0.07556223325453187,-0.12550533528623484,-0.7073449619880288,-0.013047676990501909,0.041723105403636135,-1.174276995373249,-0.09406844391358868,-0.2278855332298104,-1.2111714231509314,-0.16751213842728213,-0.20273814073571653,-0.9085744556764829,-0.13852043778498518,-0.07647184997041642,-0.8207388728837695,-0.09038298030908089
0.0,0.0,0.0,-0.2693324623231453,0.3296913257144481,-0.11658660921187776,-0.6936210933098562,0.2847514040439379,-0.1692203828530522,-0.9475445785344094,-0.1029334984236914,-0.23132192427593834,-0.976191293999482,-0.5582684832374983,-0.2630326135650372,-0.8059310389973297,-0.4878377468435778,-0.007818286207614739,-0.9986675482803374,-0.8164328330025196,-0.1732870140076425,-0.823891877173403,-0.5201697991614398,-0.2520224271574462,-0.6799637919033542,-0.2992318356895823,-0.2666389381750163,-0.6814110221645286,-0.7318325349529206,-0.010007979669976717,-0.8350627431139772,-1.0207204372311212,-0.23549841211245304,-0.6356492813893762,-0.6181451113596763,-0.31074650249734,-0.4881518946697939,-0.3463655476056053,-0.2910815172548041,-0.5475365851275467,-0.93393801803306,-0.042534990517732005,-0.6750281571913005,-1.2082455802167111,-0.2428712983575008,-0.5165009826033512,-0.7555967166531922,-0.24092614838074455,-0.39951107343133724,-0.4220541955716961,-0.16304146485130958,-0.40559788423445015,-1.1130585266463178,-0.08559346286171265,-0.6156856852644499,-1.478467778411602,-0.18511806894736318,-0.7615669675992491,-1.700345956433458,-0.19951265406161564,-0.9054659456833963,-1.9262891758593228,-0.17348884677474663
0.0,0.0,0.0,-0.2662104574158016,0.30112447949935567,-0.12219997142446978,-0.6807047302268924,0.2590320700603249,-0.17576722116669283,-0.9410738031787147,-0.12311933008400319,-0.23473387007389857,-0.966231145686792,-0.5745538434451991,-0.26373913807230154,-0.7897298810197194,-0.5032268495574825,-0.02345432905152225,-0.9545175977704621,-0.843644538853,-0.18116425833652358,-0.7792494406754894,-0.542487851804631,-0.2551653554090971,-0.643472024352683,-0.31661994691090656,-0.2711283355242934,-0.6665986029739855,-0.7451212568140286,-0.0209908350718402,-0.7981511161334897,-1.050469210916045,-0.2343062434327156,-0.603312067854447,-0.641226586762203,-0.30316437609231645,-0.47154786798167037,-0.3578874275139206,-0.2869782320777829,-0.5318448152855437,-0.9482982940821741,-0.04762049803731399,-0.6443447450356226,-1.2372288396821354,-0.24691236577817635,-0.4855685413343727,-0.7781347737675026,-0.2445544777380921,-0.37864207599337657,-0.4326330968864143,-0.1704187712923241,-0.38862329932790135,-1.121600362126697,-0.08416631380592342,-0.5777686243656585,-1.5231246030024934,-0.18846100518789527,-0.7057946706465105,-1.7703320870238821,-0.20457335105836924,-0.8432683079276315,-2.0086897677389857,-0.1819493822782961
0.0,0.0,0.0,-0.25594084002245365,0.2926535641143092,-0.12832587269463966,-0.6638164852219249,0.22920260459194494,-0.18446744628158784,-0.9124234332566015,-0.1363426516702887,-0.239157522987869,-0.8992634668179916,-0.554340378098668,-0.2628366428707541,-0.7565585124237709,-0.5419618858745656,-0.06683949200420258,-0.8996391232776386,-0.8804670465304242,-0.20812956953294892,-0.7348245797613925,-0.5689723146331896,-0.2614462875091239,-0.6101419881521696,-0.3347985352531031,-0.26953473722766763,-0.6253499559805231,-0.7779604236150696,-0.06095089698945707,-0.726734183155965,-1.0709821038652223,-0.26100350980644027,-0.5566541449995143,-0.6459830013676084,-0.3131095268161938,-0.444595291555802,-0.351570934852859,-0.29306515203620087,-0.4817250820822903,-0.9595860572450136,-0.08172271601006512,-0.5538948809349405,-1.205942527654046,-0.27333314444065276,-0.41938885436416967,-0.7353276800545031,-0.2722141789300114,-0.33473277374058835,-0.3866898075492924,-0.20768804340040484,-0.3312738665165537,-1.113681474221363,-0.11197386159840525,-0.4758426406207306,-1.5308479108533861,-0.22182681494551584,-0.5712910260086611,-1.8071772919927107,-0.24710408173615372,-0.6804457422812823,-2.0777220086561883,-0.23618263347518842
0.0,0.0,0.0,-0.24909820281807946,0.17703228199644033,-0.11170610546114795,-0.5860779777927853,0.07681287527817515,-0.17778456767836862,-0.7891381998579571,-0.23727633665594233,-0.24144692710366936,-0.7459764492549861,-0.5980001460430917,-0.2772941366316123,-0.6323129482323678,-0.6796541784146647,-0.10461209767246002,-0.729135864194719,-0.9547475649888978,-0.2476961255885049,-0.5889173853292723,-0.6215564528986237,-0.30215544368496444,-0.4929874742194736,-0.37128037826136673,-0.31593692800886913,-0.48123970509544356,-0.8699306282559314,-0.10783806499511592,-0.544796439531781,-1.0876794585978096,-0.3050723650818188,-0.4103690508244889,-0.6453336954348531,-0.3545766696604722,-0.3412466800227738,-0.3586457037360917,-0.3441348043566782,-0.3240103083443251,-0.9978505801348327,-0.13081183189347198,-0.3674632512708328,-1.1600007657047537,-0.3246099806716613,-0.26603479776004013,-0.7009561732480307,-0.3196002132830893,-0.21950050239517754,-0.37534961590594784,-0.2612605993415815,-0.16267959535285967,-1.085751919031808,-0.15983570384405157,-0.2418902327117312,-1.4891671435544316,-0.2807210681676632,-0.2772392639064863,-1.7554935854492162,-0.30190689104418,-0.3388039627268844,-2.016616291756207,-0.2896658287956483
0.0,0.0,0.0,-0.22713238767356173,0.035431429893350776,-0.10923351942948246,-0.44406267174344743,-0.09726896548061574,-0.17369393769643782,-0.5709940214503131,-0.26436074320038644,-0.22406234384484439,-0.5143957168699999,-0.4518497467998325,-0.25206176730468527,-0.4277994135060995,-0.8729361880540532,-0.10709265698525201,-0.4643931493194819,-0.7164848050950287,-0.18969218218103312,-0.3905610116784717,-0.4329017423800735,-0.21609709594095372,-0.3486243466006957,-0.3153564471819891,-0.22699545927316903,-0.2860375953603192,-0.9531822076526945,-0.0981130626105515,-0.3139278291525333,-0.7174654262191806,-0.1976547482334382,-0.25716503768110505,-0.39837873646612043,-0.2097393838727704,-0.2230522273372305,-0.2733879404389558,-0.20163689328333254,-0.13279336622546625,-0.9221611889500407,-0.10387361574794801,-0.16702588079755387,-0.7060722400033422,-0.22146133102548274,-0.14568038628783814,-0.3865680327999571,-0.2108933249703113,-0.13025659013454471,-0.2211527953803081,-0.17564655970782403,0.016368488981353107,-0.8326275345352314,-0.11703618540819435,-0.017320333413374283,-0.9255067773937531,-0.20627083466689825,-0.026680591065008665,-1.0125343905870468,-0.22074042380471895,-0.03858460613524133,-1.1240329194975247,-0.21092063302948577
0.0,0.0,0.0,-0.2534335683611826,-0.0832178539791911,-0.08032310735693436,-0.44462697061352807,-0.20655723801552076,-0.1438152677594387,-0.5728616495842179,-0.32145588636950945,-0.20298453503340702,-0.5545238839181016,-0.4214696794780704,-0.23887666884675882,-0.35484421518744597,-0.9489955293104138,-0.08509452634367498,-0.5247737853640299,-0.6714665799036539,-0.17774809781123868,-0.4847899708453634,-0.39867749867233876,-0.21106964236867398,-0.42162674776473436,-0.32666765057452424,-0.22229777856401794,-0.2083413194894541,-0.9737787968787733,-0.09137149086406474,-0.40033578728302527,-0.4925051512629057,-0.180182850645974,-0.3318973851885743,-0.2495310521298233,-0.17324615396359203,-0.26011804214511597,-0.27654109528700416,-0.15268605131328997,-0.07421001365787198,-0.8737898858750305,-0.11300047646765103,-0.2659941931072517,-0.4116364098878913,-0.20226200363551333,-0.2225576409602912,-0.2238668889339467,-0.1652593870998846,-0.159410141987568,-0.24152523490461453,-0.11921400458018436,0.03806357263781205,-0.7042829658955644,-0.14489777971284462,-0.12326992149371259,-0.4186438326572756,-0.2053338852271262,-0.17910951172289452,-0.26060116968033314,-0.19265986547212066,-0.19267544262057082,-0.2002574001018998,-0.16239361443641953
0.0,0.0,0.0,-0.26224327931240166,-0.26465454276267153,-0.053725788167746126,-0.4355119717112013,-0.4942467585093493,-0.1310063696046057,-0.5876020351721929,-0.6196734645486303,-0.20278670076487038,-0.6770974246978706,-0.6234305580508893,-0.2519387980045002,-0.30566670944441104,-1.0569479822872925,-0.1785684095520783,-0.590072591985994,-0.7521073162126998,-0.2622961110260671,-0.5404314861224437,-0.5387339596088861,-0.2701468248115306,-0.4601676669266163,-0.4977917997333098,-0.27473162411436103,-0.15197757231335762,-0.9659667490972996,-0.20931091025585077,-0.5066891291245003,-0.48591945815198234,-0.29427758442730284,-0.42469767494702926,-0.2967752909181208,-0.2598390383728198,-0.3374612517431745,-0.3291389386780672,-0.23666413026151237,-0.0524748114396642,-0.737912189440079,-0.24734330834835389,-0.3917266858185761,-0.31375535863142795,-0.32922185577050256,-0.32121283827580877,-0.18469956625788522,-0.2725087463934725,-0.23337886357343834,-0.19868651975729826,-0.23270415093941338,0.01804125267744078,-0.4440400567606506,-0.2920647274695656,-0.239777190113495,-0.2557195316077416,-0.3890810691693543,-0.38817314772632144,-0.18121030882142142,-0.4041287920252127,-0.5067184987344737,-0.14247530284252607,-0.4040175938792756
0.0,0.0,0.0,-0.14901715468822713,-0.35725738232618615,0.028618424041955273,-0.3512729480686052,-0.7369747533229052,-0.022735383544450927,-0.547329057225108,-0.9736041578679159,-0.07403190681005323,-0.6992944307139742,-0.9920503742417528,-0.11354614093701529,-0.1921694798982994,-1.1762324483723423,-0.220883398175128,-0.6166505735218225,-1.108644951399388,-0.2798519369370017,-0.606008932770144,-0.8349654258629527,-0.2511742622203611,-0.5083291155861334,-0.7512210591095212,-0.23951076305415464,-0.12664350860151002,-0.9489288147799367,-0.28895592433698913,-0.630069291707496,-0.8413889612300544,-0.3607193202782298,-0.5906937653424974,-0.5924364961146885,-0.29399795079516244,-0.4916814273630452,-0.5516234704870802,-0.25847930795147783,-0.1220253382181032,-0.6221134235885363,-0.3472222817603018,-0.6101081654786628,-0.5935817759046136,-0.4111882697268271,-0.6616727725425784,-0.4510194736892399,-0.3248082763049045,-0.6432410017351269,-0.40427273869364877,-0.27996846634370337,-0.1574134471746971,-0.2676079767945445,-0.4013118029075856,-0.5294372859488777,-0.39645669483558105,-0.5113062448922685,-0.7146299983689592,-0.49548623516889695,-0.532042855438707,-0.8405729521365203,-0.5920309175409022,-0.5429595133092062
0.0,0.0,0.0,-0.023763771769150573,-0.40353164824933563,0.1007166943403518,-0.1504419266720171,-0.7688201228894829,0.09731326351123872,-0.31933022151926205,-1.0182176581834332,0.08368947107851493,-0.45917536724542307,-1.055200807992236,0.07665730899318311,-0.0886246068355132,-1.1547817258009245,-0.1697541486475304,-0.45688974738117083,-1.2341253001168613,-0.20685173114997915,-0.44417401478063273,-0.9544637306132759,-0.16706117519430805,-0.3586766618142526,-0.861530629200025,-0.15245831448483277,-0.06066419427490198,-0.9658182046574939,-0.25202192580240323,-0.4847540830005856,-1.0050282156959855,-0.29592539655196337,-0.44705288447336744,-0.7315482365889793,-0.20950340416018984,-0.36666743158037196,-0.6653071298453018,-0.17001638813018555,-0.099680534426666,-0.6875390306372919,-0.31874860035020636,-0.4857631942840152,-0.7623585946263439,-0.3523940372218446,-0.43719033362549675,-0.5621611507164913,-0.24881475108823808,-0.3378251338331997,-0.456964990796171,-0.20397368316792575,-0.17441383143588587,-0.4082928169205421,-0.3763186114504713,-0.4572103409639,-0.6481638683935648,-0.5024679133588625,-0.6228701471860776,-0.8277852723095425,-0.5498588253734201,-0.7435301436260212,-0.9950763638596133,-0.5839628526554324
0.0,0.0,0.0,-0.06858705467085137,-0.38953850848950744,0.14799962645105347,-0.21949136446050457,-0.7185860034300797,0.15212405788240588,-0.40804007411735493,-0.9158359651568871,0.13538401370178782,-0.578710955960155,-0.9517938225994252,0.1219408551645544,-0.09456172046125894,-1.1450971634929088,-0.1392078307761436,-0.4420432476157926,-1.2270250556104116,-0.16001864322184398,-0.4365447527583613,-0.9392152760325229,-0.11566680825236027,-0.3596403306445689,-0.8219508737229556,-0.10571354844517479,-0.05931744617075586,-0.9659696638935795,-0.25176188952481376,-0.47444414604672114,-1.0134117875417334,-0.28325997677563935,-0.4422737377628905,-0.7271650379501279,-0.19469989004628366,-0.35884168328094285,-0.6414379430709107,-0.16042734239419096,-0.09247535632076119,-0.6951334815526647,-0.3445649273327898,-0.46692622282184726,-0.7868263268122329,-0.36747247547757333,-0.42293049463159577,-0.5685344274992444,-0.25795676045869187,-0.32495285839480786,-0.4501147854636439,-0.21774006465211332,-0.16327846319240477,-0.4263906358286076,-0.4252202927112052,-0.42892363688336066,-0.6612463499822171,-0.5578297707970825,-0.5966681703979032,-0.8371978865996037,-0.6077746150312263,-0.7187334215016894,-1.0037095866869075,-0.6480371797715727
0.0,0.0,0.0,-0.16706204303870362,-0.2660770192681052,0.03692865598199589,-0.29421840613964567,-0.5950393805679245,0.020952667062678287,-0.39634191921596557,-0.8334986063773778,-0.0033642658946430246,-0.48978209383621696,-0.9627352705600959,-0.010229220178579962,-0.08414908878401946,-1.0937998677398972,-0.08926054337485677,-0.38337714213051444,-1.0752053122060283,-0.13706092909473414,-0.36960384900272786,-0.7997659998986124,-0.13725781607307555,-0.2930969161454384,-0.7011307954189641,-0.14725122868552337,0.01643132010753214,-0.9886199801419709,-0.14953443276922107,-0.37661986939145065,-0.879247967824189,-0.21448111309493478,-0.33904216776356505,-0.6078472015917804,-0.18740993342790072,-0.26631400134317357,-0.5303884001146796,-0.1796264068106051,0.04556397879426362,-0.7829457139624051,-0.20820132264845237,-0.331867971690533,-0.6883957764894284,-0.267499848095046,-0.28132511770866886,-0.4431519771555412,-0.21799993571374257,-0.1927778817832378,-0.3326385856115986,-0.19638951120494616,0.03874610018802083,-0.5303022759876357,-0.2652374948689033,-0.22096448851233289,-0.6390350183689505,-0.3600586576700758,-0.38863821925073794,-0.7291634482346834,-0.3984049092421261,-0.5135457857010904,-0.8241858487836871,-0.4268394277421508
0.0,0.0,0.0,-0.1508445352751555,-0.19358889968351461,0.014970971501975435,-0.28776070329859726,-0.4712484495535646,0.0007962162892038276,-0.3627908167751589,-0.720606325842985,-0.02558605618752482,-0.3996726301761662,-0.9189326058828374,-0.03239122909586721,-0.123164862986422,-1.029965984479859,-0.0073638732782031055,-0.36735895165147925,-0.9220056365524439,-0.054629276599224806,-0.3611392900464362,-0.6800300952798317,-0.08532996862985442,-0.30309942027429687,-0.5737524531913657,-0.11336153121102828,-0.008974314036422563,-0.998616750488681,-0.05180779218421749,-0.3414746691409073,-0.7617314844030814,-0.10075074485181701,-0.2974237682713442,-0.47793307512913835,-0.09902659494909871,-0.2390079926068983,-0.3785216000833951,-0.10174610501011391,0.050746065862678096,-0.8727299072652576,-0.101624879751269,-0.2703397487306536,-0.6272910255600925,-0.14501080924533527,-0.21229056913968608,-0.3608710618700099,-0.10789784226481525,-0.14919142763380155,-0.22042454028414848,-0.08684576742205304,0.07669516579112906,-0.6560141001854154,-0.1555159956367525,-0.12038421332510728,-0.6977347358365956,-0.21731177348525538,-0.24884390402732268,-0.7803913475030057,-0.23286911750357744,-0.36398019004469534,-0.8695472666532216,-0.2391549139536922
0.0,0.0,0.0,-0.28652827731093305,0.23742984404466072,-0.1004695349365753,-0.6667773592106752,0.11776406290585861,-0.1445702026741136,-0.8892374392533103,-0.1981274190292123,-0.20210529230010274,-0.944231025300809,-0.5655199226532771,-0.22989390798273796,-0.7128219238867443,-0.612045997819024,0.020515298349024262,-0.8684262580479012,-0.8155663343326263,-0.13410847204363383,-0.7078690672777144,-0.5288424744104221,-0.2116712024486912,-0.5696954128428893,-0.3308736560012634,-0.2244529170122813,-0.5857562696864731,-0.8103168771900062,0.016617793596751834,-0.7126586074423072,-0.9668855974375768,-0.18470104601044657,-0.5278846656580168,-0.5828724189753571,-0.2505095841397769,-0.39274725752227774,-0.3390273163602331,-0.23008010548298283,-0.4462634254307011,-0.9737896884355763,-0.016779841447015505,-0.5635055210376978,-1.1352210441256831,-0.20636714102373663,-0.4159699623966086,-0.7037461957601702,-0.20370512020960493,-0.3013091601363376,-0.40997242658600486,-0.12593491680054647,-0.2984573273907724,-1.1167310413220606,-0.059133340849156966,-0.4899533045317331,-1.4532001470549185,-0.15058649319418965,-0.6203776184981478,-1.6617451944490773,-0.1571812788554081,-0.7404978561867436,-1.8676539719122507,-0.12491099343129182
0.0,0.0,0.0,-0.2905800011298016,0.3752439863271339,-0.12733643247250157,-0.7415800461488816,0.3837054419684685,-0.17766569674821098,-1.03734590575948,0.08841734916395644,-0.23365796509307038,-1.1041879936653896,-0.3287664231062989,-0.2567864553712844,-0.8672997405061862,-0.36842093369413315,-0.022536052210480807,-1.0474859252961375,-0.6283669086789341,-0.18404471301908878,-0.8252976313136905,-0.3646388258150821,-0.2561154562707345,-0.6614245570474448,-0.1647464056615717,-0.2680715302978456,-0.7480468891755451,-0.6633581895862195,-0.019538779482939667,-0.8662611987730793,-0.8862422474302152,-0.24212830246902753,-0.6233093232652759,-0.49640280082290505,-0.314275069339522,-0.4736733505953046,-0.21877878242616355,-0.29779251748158003,-0.6093164106072825,-0.9069553256328028,-0.047194312144586976,-0.7102634192424158,-1.1140102183571774,-0.25950258719894265,-0.5091092219237726,-0.6565988033760709,-0.2649831379407893,-0.3841545991794759,-0.30787792644749845,-0.19208689705929907,-0.46344266684888935,-1.1208828340915125,-0.0839271559807256,-0.6878399439330792,-1.476326428594287,-0.19667395201398288,-0.8386460893369909,-1.7074953147672745,-0.21785551233599104,-0.9989201302692223,-1.9263912219207102,-0.19684117711198057
0.0,0.0,0.0,-0.28357778339349854,0.30594077279881854,-0.12000787436779965,-0.692534766947091,0.273168290511118,-0.17116260310837053,-0.9518298547052205,-0.012450793741788844,-0.22518334362912387,-0.998347493156625,-0.4039348772087461,-0.24930906742217837,-0.8011391194539944,-0.4728231977869199,-0.04345047272477361,-0.9421748689056301,-0.688150660177924,-0.1885296507274831,-0.7392419937593742,-0.4144024377304533,-0.24535612528262749,-0.5934403552176136,-0.20992742008592447,-0.2526077094815273,-0.6762410866129368,-0.735400099776228,-0.04341297070770844,-0.7630100215145569,-0.9143665493996016,-0.25027044047006985,-0.5444258082751604,-0.508463079956758,-0.3117560055671544,-0.4165281103734988,-0.2277656003652474,-0.29602653051703515,-0.5331698678810559,-0.9395212522340907,-0.07031513493104649,-0.6042292729740563,-1.0954685977582133,-0.2733212460262609,-0.4245042217548632,-0.6400326875127674,-0.2772746534513833,-0.32057778834602774,-0.301184437572429,-0.2116241310893216,-0.3835566099373366,-1.1083454690073695,-0.10484515591759938,-0.5675746960298296,-1.4520135811641302,-0.2149984596016391,-0.6784129155846779,-1.6785815985063401,-0.232845154606921,-0.8055582156981403,-1.8962165051036668,-0.21378811224442287
0.0,0.0,0.0,-0.23946745424091,0.0054554727535515,-0.0871788724900485,-0.45576633811727657,-0.12096049779766162,-0.13448671772661078,-0.5782159016497032,-0.28962200451279796,-0.17427168825134054,-0.5408352198472806,-0.4948549127850296,-0.19216105409099407,-0.42683025147765036,-0.8515861077017312,-0.050934342926252214,-0.4914931727278544,-0.5540463293846543,-0.12435600498130275,-0.4167035467065993,-0.31208252697149386,-0.16039919065275504,-0.3645286468546273,-0.2715639731997743,-0.17767854900839813,-0.2929197822591508,-0.9548128482272825,-0.050303340061630245,-0.34692975585029756,-0.5036159313175144,-0.12000380978062304,-0.2695196584127931,-0.2699741709573964,-0.12854208617676052,-0.22109936273382247,-0.2585599561054508,-0.12206223511614815,-0.14893599283392983,-0.9433999555936485,-0.06508887072367935,-0.21494542815718234,-0.47316144222433515,-0.1435421674195235,-0.1565851910436704,-0.25986382863795104,-0.12530754765309093,-0.10731851036800394,-0.24060952030753147,-0.09579644066555815,-0.009441630408367152,-0.8621046849248748,-0.09094440562378148,-0.08821923213461634,-0.5282620806452409,-0.14060780344207274,-0.11242541331916692,-0.307297584179199,-0.12796512382070882,-0.12367236755469849,-0.19539990124363876,-0.10298724231440515
0.0,0.0,0.0,-0.2557281313414962,-0.05822619366067395,-0.07833522904962095,-0.45887885896646186,-0.20888613245929732,-0.12836148591069232,-0.5858372160499048,-0.3742169679848474,-0.17114138177882757,-0.5731722035827708,-0.5653873571929076,-0.19176955071264506,-0.3899129186237328,-0.9011273258825842,-0.06566671867346009,-0.5154788580638512,-0.6160357473646876,-0.13076131176418856,-0.44978596116765934,-0.380795368894646,-0.1608316801086459,-0.3883038804713893,-0.35217381156612737,-0.17747805218980747,-0.25004436230708443,-0.9658199873641979,-0.06833424387716619,-0.37388633229826335,-0.5114069588224237,-0.1275875839489489,-0.30832985385411804,-0.30310214552996684,-0.1305966914206132,-0.254531180185933,-0.307626940706821,-0.12581676750411433,-0.11200038196567116,-0.9061917984521498,-0.08407396522588294,-0.23916719777040374,-0.45705311702155116,-0.15825735440066221,-0.19816437502366596,-0.2811279478892044,-0.1441724823610526,-0.1484819074445816,-0.26438628901839223,-0.12177679709300027,0.012723227667366332,-0.7740103136397098,-0.10868375924003805,-0.11593436365118347,-0.4786825207725257,-0.16593166270110005,-0.19656366522614824,-0.2823205683002582,-0.16335577542658652,-0.25058020865657604,-0.1498299349566847,-0.147386009301916
0.0,0.0,0.0,-0.21142436101483844,-0.27962121849507865,-0.04394633157091829,-0.3882829233520305,-0.6239274626950124,-0.10653907378054232,-0.528527356057237,-0.8650305750029331,-0.16102929574647892,-0.6341584738243736,-0.9629300369389882,-0.197294489720044,-0.21443860251106797,-1.1286767317110868,-0.19704122805198637,-0.56816447017737,-0.9289663643134293,-0.2836102357459346,-0.5302280580503175,-0.697082736982973,-0.29716845422080523,-0.43822308325232695,-0.6796370469359386,-0.30892354940325245,-0.09592278550243462,-0.969038252216438,-0.22751633999070253,-0.523932533674278,-0.6676009881056069,-0.31806795868924753,-0.4699692670364387,-0.47878486380030266,-0.2903027347196828,-0.3902098027447271,-0.4970208442907018,-0.27825120934658315,-0.03863300050486218,-0.6980421853134456,-0.262514607912594,-0.4517823233267967,-0.45807404640200233,-0.3513161789816087,-0.43008031673606073,-0.32596496767643596,-0.30843783818920273,-0.36833787800671647,-0.3297331971930667,-0.2831977470891976,-0.015507786881919469,-0.3813928755255713,-0.3002787735956112,-0.34755749680315606,-0.3379377348478836,-0.4048671232696224,-0.5136045893736526,-0.338472767940253,-0.4343997145456417,-0.6365491119188043,-0.37610754684613684,-0.44975630468689337
0.0,0.0,0.0,-0.18829466137666426,-0.3092920608127968,-0.02002871096220768,-0.3551996461314693,-0.6787507898614213,-0.08938076147268294,-0.4976383779083919,-0.9331347346255465,-0.15258977817207112,-0.6360416501319534,-0.9795426151479377,-0.1990398800702829,-0.1728823167050094,-1.1464138323679602,-0.23224553933603237,-0.5565649262549252,-0.993349040913277,-0.3096796143349328,-0.520380286461373,-0.7360767761910098,-0.3007594847748621,-0.41945591676679667,-0.7066886897864091,-0.29952986343214666,-0.06761274446096464,-0.9578925554391717,-0.2790526276899569,-0.5343324961445838,-0.7268657962357369,-0.36045316837688723,-0.47527910431045367,-0.5096586637035905,-0.30607889983455466,-0.38182529947813704,-0.5204495433882358,-0.2781388715026295,-0.030692680283819846,-0.6620770890604672,-0.324425002365263,-0.47406940390008523,-0.48257748344294404,-0.3954215551364658,-0.4336516735988923,-0.3351442175978451,-0.32555384722669395,-0.34571584745325085,-0.3314621214254662,-0.2892051287814824,-0.027882991808939037,-0.3329203432391351,-0.3711015165407791,-0.3736080225011109,-0.3373204539046522,-0.46877038020848016,-0.5362315134264622,-0.3591578134239117,-0.48935111870600906,-0.64820102373331,-0.4133607332504391,-0.5018888226191646
0.0,0.0,0.0,-0.21087719559614762,-0.2698212448276299,-0.0008333743917356767,-0.3421335619031391,-0.6367236379664175,-0.02164571498735257,-0.42217465985526026,-0.9006530885754519,-0.04789963974556224,-0.4904936943655941,-1.0820727736126377,-0.05756421012425601,-0.07805112035597928,-1.1158218808094442,-0.09448639022709426,-0.40326494338961,-1.0971126226374237,-0.15943265803604054,-0.416088614612601,-0.8041315073589892,-0.16904171671172266,-0.34581264708822634,-0.6711352799060131,-0.17394042767272058,0.00922838417704403,-0.9908008080648227,-0.1350133166157144,-0.38903678614394743,-0.8701049242404028,-0.20969363856810044,-0.38645657023878477,-0.5874240425396496,-0.1923516456221997,-0.3222441922465808,-0.4821797870490156,-0.18261751731101694,0.037092817258580824,-0.7783195809861335,-0.17842680021404086,-0.35325790179907607,-0.693169535047734,-0.25009687027707045,-0.35097599996658274,-0.43104320496423126,-0.20925817122303644,-0.28845072132905286,-0.3000378679411568,-0.18205943357118148,0.03219309077002524,-0.5116153895977448,-0.2228730182864018,-0.23232312937974312,-0.5890207713521136,-0.3080546710937309,-0.35326666500316917,-0.6242517728744141,-0.3316553717879378,-0.4167743353328862,-0.6686947275660842,-0.3414325744421563
0.0,0.0,0.0,-0.12695471606417663,-0.18869614516230854,0.02320931530162233,-0.23965774187092104,-0.5072017301647912,0.033749855404558805,-0.2912206353329367,-0.7984709217333862,0.032199378876484185,-0.33669450722872507,-1.018412221376728,0.052174374357109664,-0.048667271064585474,-1.0469042024885973,0.026079748607940084,-0.28901924527973955,-0.9925935307947134,0.0020219534064046156,-0.2907314182059276,-0.7328925928164693,-0.0060131120618121614,-0.23252119348595765,-0.6219772718580483,-0.023198089382951693,0.075510863696033,-0.9969445349867408,-0.0199925892257653,-0.277433100919593,-0.8869258510394725,-0.07174737717040303,-0.26076334493371417,-0.5673596864667326,-0.0671418388850686,-0.21161103362260641,-0.42575099434324487,-0.062188281612304136,0.13046346970972234,-0.8805391397202218,-0.07158779640576522,-0.21581193117214176,-0.7565386964169766,-0.11930313574056685,-0.18539954223815167,-0.44841753245126886,-0.07256368537323667,-0.1352359037391928,-0.26969908458833936,-0.039788147443501586,0.14811287820642788,-0.6683708406260099,-0.12676101023609973,-0.03290302796089373,-0.7925740366695488,-0.1919830751775424,-0.16344655454661186,-0.8997974303694122,-0.20858613160314868,-0.2829436245384072,-1.014450798308432,-0.2145839361908296
0.0,0.0,0.0,-0.2859537670258699,0.08094798078531423,-0.06370102670267058,-0.5956983295342949,-0.16775040364962943,-0.09192502777414603,-0.7482868507548712,-0.4934228787638207,-0.1405881573235923,-0.7682778933767463,-0.8110217475640064,-0.1644908419573486,-0.5504719339566015,-0.7758694738992828,0.04403761034443148,-0.6979585812933264,-0.9995666787189935,-0.08814001931162,-0.591194645315082,-0.6845218952273896,-0.1537996266092583,-0.48629389101098014,-0.4589046210049935,-0.16236486666125213,-0.42789364370094146,-0.903459421049445,0.025847711645975418,-0.5590211607643968,-1.065396419950969,-0.15154592533485928,-0.43833297614600647,-0.6812116590995325,-0.21207906891941922,-0.33839144214692934,-0.4297125311131653,-0.19516688461727758,-0.29250280392780315,-1.0044381790151202,-0.01679434139466489,-0.41890147427395835,-1.1597054174381087,-0.17877409939009906,-0.33103381783624336,-0.7526882673399482,-0.1771275036290152,-0.24769980938315694,-0.46865131278574024,-0.10976885041026974,-0.150553590717131,-1.0947095591125016,-0.06633001463951843,-0.2985044592890636,-1.4525633354118341,-0.14218292716976566,-0.4088206213702067,-1.6701467378787107,-0.14678385792112011,-0.508431685434772,-1.8669751302699804,-0.11828320091502233
0.0,0.0,0.0,-0.2914744851121391,0.1513393348443139,-0.07962841989580656,-0.6357267909529452,-0.05387922602461022,-0.11258009649563205,-0.8183131253245253,-0.3957958554887539,-0.16306799126799063,-0.837060102766204,-0.7390010793527754,-0.18661617400116018,-0.6216561459021807,-0.7155018300469417,0.039389795568481926,-0.7622944659137136,-0.9531365867144422,-0.10477007958428344,-0.6343014828665179,-0.6429343636694932,-0.17794115018574377,-0.5177770578823833,-0.4100278860668524,-0.19001563960458795,-0.49105654892401834,-0.8706755990087911,0.0280618433021743,-0.6141074680107484,-1.0527614798026215,-0.16319160511247213,-0.47266267305687143,-0.6588853877782208,-0.22646677066716778,-0.36230847174051617,-0.39155433599827266,-0.20734490573650302,-0.350933847750167,-0.9937597911285059,-0.010757564317743353,-0.468528894816055,-1.1723234837163818,-0.18755064826427195,-0.35628424199297587,-0.7441370096584888,-0.1833673141414209,-0.2613062561645,-0.44359086976758605,-0.10929980267360875,-0.20424481537300382,-1.0963206332700515,-0.057719574175205464,-0.3560273379627877,-1.4505249711807373,-0.14229451352783032,-0.47147118158998985,-1.6643122434318804,-0.14837893747407385,-0.5804695633990083,-1.8677377952478216,-0.11874461904423934
0.0,0.0,0.0,-0.2762804968207088,0.20986756717703423,-0.10287750564467699,-0.643854257350313,0.052764130727039185,-0.145743422662178,-0.8544617769004332,-0.2764269390078845,-0.192037432203105,-0.8680798251081608,-0.6303155588739624,-0.21053148377197153,-0.686639030397084,-0.6449922486198193,-0.02562024711274482,-0.7850946288023978,-0.9018335665325857,-0.15872524837940247,-0.6300560056875878,-0.5954369436152995,-0.21654145984406623,-0.5159934548319796,-0.3576974069721806,-0.22889579906763624,-0.5393865727936656,-0.8416550743200387,-0.026054960395936005,-0.6010327124768061,-1.0325126822743034,-0.21357753771320567,-0.44308631953088046,-0.6032659020712549,-0.2666813777577057,-0.35072667284664844,-0.3116001589602782,-0.25121627101624483,-0.38411957728123364,-0.973651847186454,-0.051883499559122345,-0.4357676508108545,-1.1357216306449993,-0.23784170176068997,-0.31804942127391456,-0.6776968102627019,-0.23562668303968662,-0.25442018342611283,-0.3439868915978075,-0.17330297944095546,-0.22445178975624566,-1.06867852650864,-0.08420846533893202,-0.32868400559783073,-1.4172745838038394,-0.18897132578910414,-0.3726637554935524,-1.6536446387009547,-0.20490923812001557,-0.4344789165557239,-1.891016457076716,-0.1876561416235145
0.0,0.0,0.0,-0.23297490443301724,0.0247252223231356,-0.09662275292597844,-0.460675639644274,-0.15875758604974208,-0.1435565877112943,-0.5813003346590837,-0.3865595420554563,-0.18178487423681058,-0.5341608361943462,-0.6185308831769661,-0.1981029158457654,-0.4323734253331534,-0.8276739488205374,-0.06291402791959867,-0.4557060758567659,-0.76721527125158,-0.13646739918954023,-0.3769577123452004,-0.5037601764999938,-0.16779626653601687,-0.3260208623368423,-0.3106841830499273,-0.17877125691518175,-0.2892668688636724,-0.9557465453355956,-0.053602422117674554,-0.30094969751587936,-0.7668691715786059,-0.14368971506052636,-0.2369333605019777,-0.44420651342557976,-0.16571029693005232,-0.19386139765799174,-0.2400724625313316,-0.1593198796400666,-0.13264623610809698,-0.9554950651009188,-0.059491745393173284,-0.15890313023556132,-0.7861825392514955,-0.16959735618863653,-0.13589394616380196,-0.46863970432619684,-0.1656952670566517,-0.11639652639415826,-0.24231550904950253,-0.13065341192653124,0.021195225704005838,-0.8820174129578869,-0.07176736993450422,0.0008443448879275598,-0.9486400282539209,-0.15457129428533412,-0.02071929935987988,-0.92666128444375,-0.16051447951890835,-0.04947574984488556,-0.8899568011417821,-0.14068435925754452
0.0,0.0,0.0,-0.2617048451007035,-0.1309582771753032,-0.007856153945797537,-0.38978478814395456,-0.423715095348119,-0.04022478967239394,-0.460200804106015,-0.6760281534564823,-0.0848404438464525,-0.5067303440866937,-0.9347833518356926,-0.1108761675684971,-0.12800407212067816,-0.9612740541834629,0.05964196455985967,-0.3775712916466891,-0.9341130742727227,-0.0257570502452402,-0.3353393481427462,-0.6683351052779556,-0.08763386636188697,-0.24545833804093503,-0.6166511034880396,-0.12633474142234732,-0.07388693340125695,-0.9970310374180091,0.021675596825155585,-0.3896029613001385,-0.9241599032311185,-0.07524688097182589,-0.3346387829885223,-0.654257554418627,-0.10049769771467029,-0.22541180188984833,-0.6200664092630273,-0.10122351730064848,-0.061459904320835944,-0.9631110624356103,-0.03148099189331407,-0.36487268720789995,-0.8909883052526824,-0.10520343594420167,-0.3119461851025256,-0.6068081428119351,-0.08007146507573454,-0.19959725228997346,-0.5802444058377629,-0.054660555874687586,-0.0765623710607946,-0.9029410650948043,-0.09168611688881755,-0.3200197021531265,-0.7427092738428644,-0.15591005513842382,-0.2785639921333966,-0.5338776489980382,-0.16224370708073227,-0.17566904223636207,-0.5240650772094795,-0.15371747157791693
0.0,0.0,0.0,-0.2549173086903483,-0.13288849163389269,-0.002707817991622746,-0.3783674890857391,-0.41974837150698396,-0.029225604836059023,-0.44492457534195834,-0.6781517597394026,-0.07123276057434999,-0.4962537834331671,-0.9416872569792205,-0.09517091604660013,-0.12422413186151901,-0.9542972775431852,0.0779314866918413,-0.3691609472386934,-0.9423749545124513,-0.015671430330215903,-0.3343819408414209,-0.6736870532221991,-0.08141492953548025,-0.245287513720814,-0.5827678987823424,-0.11826796248688003,-0.07011145861810127,-0.9969090543244846,0.03545025777486262,-0.38606022367282655,-0.9319273707838338,-0.07054650906293544,-0.3335504529282893,-0.6394949794694901,-0.09915349478991144,-0.22194740242918887,-0.5828902778918417,-0.0967399385080146,-0.05135599754801459,-0.9768079304259822,-0.02425903044451177,-0.35835140141755206,-0.8947382265509757,-0.1101122599149654,-0.30392192255236267,-0.5903326731230961,-0.08315540705733224,-0.1931195115009811,-0.5471888617886421,-0.049880488497064585,-0.05794214491363509,-0.922759288043339,-0.09081429331795839,-0.30936627079685103,-0.7607970310348732,-0.16202403721648523,-0.2672301083490698,-0.5371133876740658,-0.16415081819810082,-0.16559963609635972,-0.5172891896377719,-0.14833915312019721
0.0,0.0,0.0,-0.2582188693396304,-0.13538757997461534,-0.007393018412960103,-0.38720692344447616,-0.43356049914876976,-0.03517895857110979,-0.45628868256432625,-0.6928282778851027,-0.07498744616275738,-0.5013393058969356,-0.9499619747546787,-0.09614319724278365,-0.13037138962245992,-0.958988558827272,0.059818010753801304,-0.37418706988052786,-0.939152254780767,-0.024730032568277396,-0.3317906013249967,-0.6705239695047257,-0.08566083334961445,-0.24021405195891302,-0.6073903617221739,-0.12370083506975087,-0.07719763639751515,-0.996772565913965,0.022022188263824648,-0.3856847809405318,-0.928542787556365,-0.07591774509037157,-0.3320966213717827,-0.6540790686626943,-0.10073587770876205,-0.22099643623609452,-0.6104294087305784,-0.10042427969617924,-0.06185170813956364,-0.9687813010551826,-0.031002488159094618,-0.3625815769080615,-0.8951806593418941,-0.10898101143764008,-0.3083523667870589,-0.6099503332392966,-0.08278117388080178,-0.19436624539711853,-0.5750989007484165,-0.05449777722867325,-0.07231340334005677,-0.9094845278947761,-0.09107722700851138,-0.3195747806818666,-0.7541231463871967,-0.16050475705104048,-0.278456081808192,-0.5403205987887961,-0.16581909785941074,-0.17423923237924283,-0.5194233983852306,-0.1547127761647086
0.0,0.0,0.0,-0.25817593723062904,-0.12620084505937493,-0.011730299319712372,-0.3833906475298341,-0.4179724758022777,-0.04157705713036738,-0.45134527723429857,-0.6780008983969791,-0.08331716764263457,-0.4969500950449408,-0.9385640789524696,-0.10619863612477895,-0.1193806727935355,-0.9548055089827199,0.06014130264111325,-0.36812792930270155,-0.9375491675231796,-0.03136321122012478,-0.33016926567755844,-0.6709690193286367,-0.09628340853173759,-0.2402992195933412,-0.5958549983894809,-0.1349559661539976,-0.06701018552499888,-0.99749147772235,0.022811990425821334,-0.38273996941781857,-0.9352961475313171,-0.0824533400814972,-0.32958458070426744,-0.6515379548214834,-0.11041218745061519,-0.21819711075950798,-0.5999477932025181,-0.10948283068556908,-0.05201947291587563,-0.9738924736725485,-0.030864576622250704,-0.3607035486696803,-0.8970476835281079,-0.11613510939027372,-0.30503635331087087,-0.6008621388164022,-0.08907016908206034,-0.19221737118280857,-0.5622684564680933,-0.05746591894408732,-0.06410791100192532,-0.9154521429065055,-0.0919649316742814,-0.31501524801328645,-0.7483202991864621,-0.1666549034812865,-0.27064996234602123,-0.527831630069026,-0.17137195118765516,-0.16698196099819446,-0.5103407028297671,-0.15798491506538317
0.0,0.0,0.0,-0.2522995879771425,-0.13755163012151467,-0.015088945095457355,-0.3738693755370686,-0.4371873180968377,-0.044619567265289976,-0.4379826191841437,-0.6941943364337407,-0.08516886445122322,-0.48558204834871094,-0.9506812362386653,-0.10666727805784987,-0.11276619384596397,-0.9595369439902127,0.05793934190300526,-0.35723457473985293,-0.9401566530717405,-0.029754922577697556,-0.31849565599304197,-0.6759527883287002,-0.09134953821664162,-0.22903465538643242,-0.6118999356545916,-0.12873247014236153,-0.05851752440745445,-0.9980094680390142,0.023511721368433627,-0.37078861844068023,-0.9365838781499148,-0.07866455357126646,-0.31790707392149076,-0.6589505324743147,-0.10437693635774395,-0.20658024935675426,-0.6171246233834826,-0.10257181722131178,-0.04180608531967219,-0.9702152124758203,-0.027303614921304998,-0.347013070466022,-0.9029117722534278,-0.1113405341265419,-0.29346272913115495,-0.6124707376427313,-0.08617034169972598,-0.1793810134815191,-0.5795115722172881,-0.056243606541944824,-0.05152525114493617,-0.9108015309906743,-0.0856462315901139,-0.3003235932714485,-0.7521553646672945,-0.16008869462841127,-0.2602107032513602,-0.5358884441204764,-0.16700085533119063,-0.15719698734095977,-0.5179857394441276,-0.15550779408637616
0.0,0.0,0.0,-0.25651372779015785,-0.14530734941692808,-0.009485154120684004,-0.37918561849058374,-0.437156494678275,-0.03599562958814585,-0.4466800368742452,-0.6854569546509156,-0.07523870266632916,-0.4975071862624251,-0.9459769258502384,-0.09559264077058767,-0.12286227593214256,-0.9573715023523409,0.06916252057247724,-0.3649881596236841,-0.9355966501115431,-0.01813388085883323,-0.3266278795764136,-0.6725238045631624,-0.08107333989912142,-0.2356178274970714,-0.6079279707566011,-0.11962762331286553,-0.07150371937149426,-0.996986103088443,0.030098643899073064,-0.3773940812298149,-0.9278302983759732,-0.07124043444152275,-0.32533146622125486,-0.6555238710086214,-0.1003271357188735,-0.21410266560446106,-0.6127408034183389,-0.10162070807385336,-0.05535746178101051,-0.9732897664934937,-0.02544451482636348,-0.35558702249371593,-0.8912157938287432,-0.10876793197896603,-0.3001451715414734,-0.6041867174986478,-0.08584255110519821,-0.18560338251879993,-0.5727539934390734,-0.058051804546205996,-0.06155150464629475,-0.9149204878053845,-0.08848121601571081,-0.3065283766070072,-0.7541407711363618,-0.16264857052350493,-0.26501277729382805,-0.5365426815988408,-0.16951575207242242,-0.1619173397720323,-0.5167762508656496,-0.15821404952235515
0.0,0.0,0.0,-0.25510744237797045,-0.13964718332263762,-0.0035900603569360636,-0.3748847936357689,-0.42934006688589343,-0.0333969314342116,-0.4431312252734397,-0.6815379297280222,-0.07711539921906478,-0.49062891907949135,-0.940221925575215,-0.10295453845558383,-0.11614068250890999,-0.9625039087092345,0.06589991458675774,-0.3633021075986697,-0.9423669202659468,-0.020902150455671398,-0.3269884030681348,-0.6766512707232959,-0.0814670831799146,-0.23686316823142575,-0.609868085748821,-0.11775004867920498,-0.06019699569037342,-0.9978906152492565,0.024303121349189626,-0.37786019430832973,-0.9354437797448013,-0.07432679531540724,-0.3266509423795682,-0.6556152022329335,-0.09818095858444141,-0.2147647914261493,-0.6128204592125606,-0.09617617768901565,-0.042981609838860575,-0.9650622723653995,-0.03282246434511801,-0.35212331472868347,-0.8982498448735277,-0.11135287864627409,-0.3001417342916687,-0.6070769027468303,-0.0835405572450182,-0.18654851317634016,-0.5754756248002945,-0.054151356018451724,-0.05340621067479797,-0.9006434519072856,-0.09657355624478339,-0.30682308912019085,-0.7499472839626188,-0.1651755149956408,-0.26810864523458167,-0.5332510599240092,-0.16847691369750983,-0.1652530319706726,-0.5151355751223765,-0.15609075892783883
0.0,0.0,0.0,-0.259387993534458,-0.150319769775173,-0.008864679253627827,-0.3835865610940731,-0.43307262403328967,-0.03835324609759944,-0.45341939333104764,-0.677583802784531,-0.08096629901015874,-0.5042777404337508,-0.9346308648619356,-0.10443963016497827,-0.1266550993171057,-0.9592029824545146,0.0661176582508835,-0.369141395193876,-0.9342503683506633,-0.021506712948952147,-0.33054926504485,-0.6697175017435432,-0.0851214713763288,-0.239496825420776,-0.6103620758411014,-0.12430298925116265,-0.07323639332140064,-0.9969729194219413,0.026104188027295815,-0.3815663468884521,-0.9282357019726923,-0.07403066792523127,-0.33194154329015063,-0.6537502483054562,-0.10118750902637297,-0.219470265910445,-0.618946336956973,-0.10211689129251954,-0.056769795301969544,-0.9694911047150216,-0.03021465255789746,-0.3578790435357425,-0.8925685943509709,-0.11057848567167837,-0.30842586426407786,-0.6088224300486235,-0.08439103403021142,-0.1941398956009508,-0.5830915691460431,-0.055417167311223293,-0.06694668145248601,-0.9075208182853947,-0.0939274815759737,-0.31383806937480113,-0.7639329645134689,-0.1620805508652709,-0.27534530067803853,-0.5575241116532116,-0.16401832754320964,-0.17070886157098397,-0.5419273069390893,-0.15034351737645718
0.0,0.0,0.0,-0.26195364881808125,-0.1263798307765332,-0.01167259982999631,-0.3875484049504426,-0.4166606177915547,-0.043659106181838624,-0.4547145382426742,-0.6731029894098932,-0.0881581816569001,-0.5038203741074669,-0.9361804387187522,-0.11381135755955159,-0.12604734542423213,-0.9600542169553791,0.06421552020520788,-0.37385624892994274,-0.9381161172882564,-0.0290412150312963,-0.33699692277384474,-0.6699254524737481,-0.09609142282968375,-0.24699058032630866,-0.6038255229789572,-0.1360605484253446,-0.07189458651787958,-0.9970459234332856,0.027029520796524983,-0.38956326618538717,-0.9312543357390594,-0.07907515498426665,-0.33726352487479755,-0.6481768183058444,-0.10778057199683841,-0.22481288659915857,-0.6070441857956023,-0.10712838279645258,-0.05742441477299519,-0.969907445946618,-0.027160530817852475,-0.36543598065552885,-0.8961834738687852,-0.11133925223780405,-0.31354494057030624,-0.6021692344085712,-0.08658335839177694,-0.19857498405289298,-0.5700791804490652,-0.05697019882188149,-0.07048341637952847,-0.9154770361952977,-0.08876107350985821,-0.3209064731798082,-0.7523652467283942,-0.16005473751109717,-0.2803383496461806,-0.5336600648994139,-0.16593424223851336,-0.17592096669487706,-0.516942905992086,-0.1540948480558131
0.0,0.0,0.0,-0.25791271996694537,-0.1367573434284924,-0.004197137761522422,-0.3860252703321444,-0.4227871211151991,-0.035038482056264995,-0.4556305461816957,-0.6744344938732625,-0.07903668043994307,-0.49974523320256264,-0.9316052328322086,-0.10381297449720274,-0.12745314678742228,-0.9591250986823608,0.06060105114493556,-0.37318787421955407,-0.9281555226889134,-0.02437207919724314,-0.33147735562116515,-0.6628288693179912,-0.08342788094240014,-0.2416345300470838,-0.6105919067892388,-0.12053710787076588,-0.07197752784194332,-0.9972346333910469,0.018501931012374552,-0.386496822921415,-0.9174178223879806,-0.0782859414115452,-0.33169033446573903,-0.6416083948688127,-0.09980934331103997,-0.219571867131636,-0.6140569165545753,-0.09833464592544139,-0.05668175603672889,-0.9671052194238633,-0.038908241549567055,-0.36068443541986356,-0.8837312969572124,-0.11456636704292773,-0.3059083435642695,-0.5973357468495201,-0.08454448738115884,-0.19137699411566497,-0.5752246520179418,-0.05573118287127144,-0.06946109464316279,-0.907679967585742,-0.10335710782009941,-0.31553271772620234,-0.7486345197911943,-0.17091163271674994,-0.2738186528578039,-0.5402507292517046,-0.17439607097563878,-0.16962275536904822,-0.5316957074806531,-0.1631275320500257
0.0,0.0,0.0,-0.25314932313770366,-0.1304479527380333,-0.013352390409130296,-0.37795463696974296,-0.4183561513440512,-0.045316503304138785,-0.44438765575326866,-0.6711773915977908,-0.08926829819730202,-0.49225386983920894,-0.9278107636493524,-0.11360947359160466,-0.11386348506886607,-0.9588506201730788,0.06034007911835521,-0.36156199195450633,-0.9331019142547224,-0.030931260737716317,-0.32295485893656867,-0.667664747370535,-0.09556819045987876,-0.23314705406009417,-0.6056434461020512,-0.13511424321543272,-0.06092348546445018,-0.9978871917053863,0.022571697968921858,-0.378090591911733,-0.9267378797021957,-0.08149956975545808,-0.32381129366096123,-0.6465829797714954,-0.10713511557239758,-0.21134114322213127,-0.6136206226758554,-0.10613227615069631,-0.04673573246126377,-0.9713354764702308,-0.03214040491490654,-0.3550294384020279,-0.893696860054042,-0.11539897033928097,-0.30065092153715406,-0.6011414650888468,-0.08507350691759206,-0.18791761280492109,-0.5734864388648765,-0.05298595271028875,-0.05994330731980313,-0.910767651576331,-0.09483516206685937,-0.30959728588604324,-0.7531816270344693,-0.16752147216517174,-0.2690190097346116,-0.5380070836141597,-0.17038518849519466,-0.16676949593778445,-0.5254056072844324,-0.15656431539815327
0.0,0.0,0.0,-0.2573880822759052,-0.13557983338868423,-0.008342032610465162,-0.38359332194865314,-0.42420574168449576,-0.03869365468128455,-0.4519981357118765,-0.6762711402269013,-0.08157197949866307,-0.500878395300481,-0.9343454281562181,-0.10557999118928649,-0.1245948625916594,-0.9561885763922834,0.061338107577831424,-0.3739349139802045,-0.9321926798070154,-0.026549152285824253,-0.3337596777426922,-0.6614089299773991,-0.08891391719441158,-0.24317383680304666,-0.6000717808576003,-0.1268838175374971,-0.07003902799561301,-0.9972872740146679,0.022641281894417494,-0.38508086162452637,-0.9187375715270812,-0.07723666734212757,-0.3319332447795982,-0.6405383375144176,-0.10337082613544858,-0.22089857680297048,-0.6015261513910248,-0.10360701680270197,-0.05566776162822658,-0.9699014302103284,-0.031886496501340886,-0.36017519733704856,-0.8840262161065201,-0.1116301201158823,-0.30619541032499703,-0.592446935481849,-0.08698834450470955,-0.19262446944993528,-0.5614588416598288,-0.059570643869176425,-0.06892588374719616,-0.9122650241886924,-0.09353589645401406,-0.31448505863533216,-0.7485585694809804,-0.16344062492484995,-0.2733190083811864,-0.5330772135392228,-0.16987031610824005,-0.17014776016269342,-0.516850909627181,-0.15934325952357595
0.0,0.0,0.0,-0.25418092351497645,-0.12609406500281226,-0.013926835616838907,-0.38125305537993537,-0.4137366630456913,-0.04319622605495402,-0.4470122030848151,-0.6688148398634861,-0.08437796901725426,-0.49520726294159134,-0.9262192927105177,-0.10624385351834142,-0.12700083769733087,-0.9584885115227673,0.06314143645704541,-0.3712038183883706,-0.9301230534686485,-0.028945240964000772,-0.33340940285507553,-0.6619371806301225,-0.0945754718004282,-0.24330106896249573,-0.5896631232777365,-0.1335996357727129,-0.07264592124944574,-0.9969985017555786,0.02676859396663751,-0.38656305308647865,-0.9188684994556229,-0.07967752251928821,-0.33243012075143524,-0.6349784658750386,-0.10768124368879448,-0.21993521568341484,-0.590484829067699,-0.10664193371887368,-0.055222598874357716,-0.9722851482002788,-0.026792810926876322,-0.3607935534030646,-0.8820122503554326,-0.11351588393392843,-0.3045547088296345,-0.58844929956582,-0.08600952566323325,-0.19069427740323916,-0.551181893760275,-0.053461263352384956,-0.06405153086603983,-0.9130907350441453,-0.08819753632565253,-0.3141909662536041,-0.751057624458482,-0.16296855417268954,-0.2712813967332491,-0.5332797662366854,-0.16696488848335297,-0.16723079972416766,-0.5125586835283046,-0.15247427296036883
