lm0_x,lm0_y,lm0_z,lm1_x,lm1_y,lm1_z,lm2_x,lm2_y,lm2_z,lm3_x,lm3_y,lm3_z,lm4_x,lm4_y,lm4_z,lm5_x,lm5_y,lm5_z,lm6_x,lm6_y,lm6_z,lm7_x,lm7_y,lm7_z,lm8_x,lm8_y,lm8_z,lm9_x,lm9_y,lm9_z,lm10_x,lm10_y,lm10_z,lm11_x,lm11_y,lm11_z,lm12_x,lm12_y,lm12_z,lm13_x,lm13_y,lm13_z,lm14_x,lm14_y,lm14_z,lm15_x,lm15_y,lm15_z,lm16_x,lm16_y,lm16_z,lm17_x,lm17_y,lm17_z,lm18_x,lm18_y,lm18_z,lm19_x,lm19_y,lm19_z,lm20_x,lm20_y,lm20_z
0.0,0.0,0.0,-0.19496305197900435,-0.24646588708241884,-0.055030284344148125,-0.31165968166768326,-0.6696725126129339,-0.08961132436099237,-0.39607066279202874,-0.9759814691248825,-0.13450504809326677,-0.49862046273459937,-1.1673268998649928,-0.16185416232847497,-0.12214515776165615,-1.0382763127964723,-0.031423954178383756,-0.13409757983126305,-1.2848112052705012,-0.132731917426962,-0.16121724208354227,-0.9584149784890397,-0.17477541058766966,-0.172283642169537,-0.7152146221434417,-0.1842281644172011,0.01768928763193624,-0.9987393023846572,-0.04697760078252978,0.0032117391323373606,-1.1395579349121312,-0.18472701589404855,-0.0604536131962421,-0.7869248077647613,-0.2280783740376694,-0.09848300975041457,-0.5680947649978462,-0.2292340105910597,0.15161698017361872,-0.9105790283161672,-0.07834872415195286,0.1553621074379548,-1.0732140504666996,-0.21810281607239174,0.048377488547974704,-0.7576786565285102,-0.22526577042176404,-0.032928068837406316,-0.5442223407145331,-0.19174787301886692,0.27293986896438377,-0.8064305129097078,-0.11218251705369596,0.3991239249751305,-1.1083687657199948,-0.20177350970010305,0.4903515883147684,-1.2954449180059544,-0.22974161225946138,0.5600713034536887,-1.5025976546871356,-0.23134748182563006
0.0,0.0,0.0,-0.19627041319284497,-0.24376378442346644,-0.05660278871991794,-0.31527161387664016,-0.6685987507488996,-0.09238573259668732,-0.4000714537728479,-0.9783207637064161,-0.13799353838464973,-0.5035622943013427,-1.1726795022639918,-0.16602636950313543,-0.1209470513205319,-1.0400417134202402,-0.0353145142314359,-0.13433222772501288,-1.291007726578467,-0.1376662872642162,-0.16106149661731725,-0.9639752053032542,-0.180545705147801,-0.17222341505400202,-0.7141626321945506,-0.19062833000623128,0.019910793025084424,-0.9985102365732529,-0.05080224187512627,0.004456514233894024,-1.150608622337653,-0.19047927582961888,-0.05936062416567492,-0.7953159109129163,-0.23496860152700605,-0.0972489028987945,-0.5650169257058602,-0.2364116059293871,0.15469930672713478,-0.9088598585964465,-0.08200988491715684,0.15860318774581209,-1.081183983782432,-0.2216164195069204,0.05090933529217979,-0.7655360703151673,-0.22855653376234164,-0.03034992538818311,-0.5446923849183306,-0.1950216958969885,0.276628918089853,-0.8032085675922138,-0.11591312598981676,0.4041510321607709,-1.1080346865522905,-0.20600716709205494,0.4952478912209588,-1.298816215764789,-0.23467576500379478,0.5649298496170151,-1.5078711803150504,-0.23694681029279166
0.0,0.0,0.0,-0.19974396709549386,-0.24092976288669854,-0.05725827675469386,-0.318383238653133,-0.6590938884412171,-0.09532104211499559,-0.40136998538937785,-0.9758178995798955,-0.14364208499786985,-0.5053533600624153,-1.1780198214958326,-0.1742409521212913,-0.12579463276124814,-1.0400916853678017,-0.03734310837744802,-0.13718015084907703,-1.3061841620739851,-0.14155344618533577,-0.16472148910978215,-0.978618822702634,-0.184920160956447,-0.17649455862148586,-0.7235311150335941,-0.19435853419028057,0.015574125341215923,-0.998451601356296,-0.05340268128946586,0.004238613888725719,-1.1627077713703347,-0.19573291232742676,-0.06255425615436677,-0.8041504520519851,-0.2413118691685027,-0.10303150204632407,-0.5650019917013032,-0.24219785529543852,0.15155522002970875,-0.9117878961392654,-0.08496053365616198,0.15727252277148243,-1.0904961676141083,-0.22563671939302718,0.04846286432052768,-0.7730700412535237,-0.23293764219049426,-0.03343954735973346,-0.5488013126349615,-0.19874859280643364,0.27548048709932543,-0.8097537690808545,-0.1192407313938127,0.40333035580340876,-1.1193531216192385,-0.2086343944349026,0.4933957991589382,-1.3145733266958217,-0.2365566426132266,0.5620278838341197,-1.5259226020723333,-0.23793180210404993
0.0,0.0,0.0,-0.19738626994586744,-0.23800502738687973,-0.05972030200393372,-0.3134310270631831,-0.6670177229138551,-0.09638996076917968,-0.3944695256105316,-0.9865457784879391,-0.14265262262852543,-0.4964480794122606,-1.1911719548187472,-0.170561937629472,-0.12600721062574996,-1.0383435363413882,-0.036222177876181184,-0.1334899315994987,-1.309074289354519,-0.14035172532920076,-0.15916505459193284,-0.981456018193932,-0.18331665582753576,-0.1696500634211118,-0.7280099987780776,-0.19252117275981992,0.01571074529291867,-0.9985981783949118,-0.05054552985877857,0.00780598507537721,-1.1626884291293424,-0.19121134840245635,-0.05706032883217031,-0.8056795136268221,-0.23442824485075323,-0.0955939961664204,-0.5764942451306306,-0.23412965162762914,0.1516859987440529,-0.9123874542215081,-0.08121496525013332,0.1603589693436955,-1.09521162932174,-0.2216848770893644,0.05430855232987281,-0.7766755400640475,-0.22686033260759145,-0.025012284979061054,-0.5558896405213923,-0.19161011409698214,0.2758731078633551,-0.8108788611843065,-0.11494074337672396,0.402816208379704,-1.1187360564543603,-0.20464011760834805,0.4920743014567242,-1.308656923146209,-0.2316667557649034,0.5607891807828086,-1.5181232646993585,-0.2324224130909039
0.0,0.0,0.0,-0.195001665979882,-0.232757669488867,-0.06551483169903256,-0.3102845739932705,-0.6588225560108608,-0.10435392331017616,-0.3928237155882151,-0.9748630186717125,-0.15123362824826128,-0.49588174823915476,-1.1763985067065048,-0.17924377685129844,-0.12342233729449048,-1.0355612825847136,-0.04028803986867177,-0.1324070814521105,-1.2889705146447261,-0.1432301781768702,-0.15717273405749688,-0.9593498175170259,-0.18472935526341397,-0.16885692070912645,-0.7088401718885461,-0.19363061139166615,0.01806569562369053,-0.9985020091299326,-0.05164657205585102,0.007525994023250229,-1.1423219326132414,-0.19171671793912817,-0.05546960584503809,-0.7842228719191657,-0.2353889025854214,-0.09415294596232025,-0.5607962201517936,-0.2362720911329882,0.15267354198990257,-0.9118099490312684,-0.07976158935309477,0.1621040406144644,-1.0819632132085146,-0.22082020167747235,0.0537335095001068,-0.7649055719537806,-0.22700750010225243,-0.030378048708945966,-0.5492113325368635,-0.19288466375173544,0.27441361538426584,-0.8083172557618095,-0.11129960448777035,0.39986067094903915,-1.1101386783396832,-0.20275025492743962,0.4888975341249293,-1.2977918518710743,-0.23130559343389367,0.5564541606257896,-1.507803676632913,-0.23309349896028972
0.0,0.0,0.0,-0.19278158322783284,-0.23176856720228528,-0.06493767757221439,-0.3076967747865582,-0.6523382141750517,-0.1039748955039207,-0.39147288930786894,-0.966496447733683,-0.15138258709293062,-0.49625010312477863,-1.1649415417726676,-0.18017743165691938,-0.12097477867276756,-1.0365487085199316,-0.03698518561410128,-0.1305901783752644,-1.289804550982658,-0.14107692889983983,-0.15615439542469364,-0.9599301292545346,-0.18453575378465809,-0.1677938229100452,-0.7102910411616634,-0.19431371772647,0.018537892255995652,-0.9986796847730706,-0.047908598103736946,0.00709224695815793,-1.1373652498603612,-0.1865668446565904,-0.054907005650529986,-0.7820920503615881,-0.22983003102920135,-0.09291167692865065,-0.5661531335161567,-0.2306838271976691,0.15151177264252827,-0.912602180393973,-0.07590320259856997,0.15961585238726542,-1.0747976902381982,-0.21703300399262088,0.05311171329088086,-0.7585685227410428,-0.22332356770236442,-0.02964179270538609,-0.5480962557368309,-0.18887156231596192,0.2718117546511122,-0.8099892600648053,-0.10715672658095848,0.39281895109169745,-1.1071718117875293,-0.19763647101346962,0.47982389339813925,-1.2909167158551087,-0.2247997080433722,0.5462011746058545,-1.4992083899352455,-0.22518953622900165
0.0,0.0,0.0,-0.1938849265695314,-0.23763141180362674,-0.06510944665487334,-0.3075456810350292,-0.6635658903026944,-0.10516515872426355,-0.39227079769794626,-0.9755703927989287,-0.15344411216153744,-0.49727250843199844,-1.1743802420626712,-0.18278423472027583,-0.11869684550879925,-1.0401961986887656,-0.04185486404281801,-0.12846610757992388,-1.3036166528984001,-0.14653817910159272,-0.1563210132112005,-0.9711949018135656,-0.18958396720949777,-0.16597819121372012,-0.7184654729385997,-0.19898703304667514,0.021245974749446117,-0.9983580729234025,-0.05319555231047083,0.009806073995617448,-1.1500562593083068,-0.19352510953602858,-0.054058768977464804,-0.7908844181867376,-0.23591985540843044,-0.0898066273941499,-0.5647839296567053,-0.23501462088212752,0.1551622617372399,-0.9091419014723613,-0.08116995933842192,0.1620338209758998,-1.0837161349149125,-0.22020127811493528,0.0557262942138187,-0.7673844914236937,-0.22336396728197988,-0.022558200814078264,-0.5490961892178693,-0.18677172390074678,0.27721723385051855,-0.8052612145682622,-0.11273918929567356,0.40335228583370303,-1.1132918606583013,-0.2009740528217242,0.49057530218894635,-1.307752683230657,-0.22656234661711172,0.5580107186939293,-1.522832945260469,-0.22612412904332965
0.0,0.0,0.0,-0.1973096339553033,-0.23493293194114412,-0.06501180186447116,-0.3133604128608167,-0.654899237307221,-0.10563913759940745,-0.39932761426535973,-0.9663556665687184,-0.15475233088067433,-0.5052014712324818,-1.166204187849486,-0.18515100698101378,-0.12838333586998854,-1.0375823879242114,-0.04045628238198218,-0.13911003477794684,-1.295768293677438,-0.14589273640559033,-0.162813107220697,-0.9661284799897311,-0.19037471808682935,-0.17237004080482232,-0.7135986833373053,-0.20037793051126318,0.011676007759627483,-0.9985757801439762,-0.05205844938764812,0.0006064371932295498,-1.143366934554838,-0.1925616390149034,-0.059740793639934134,-0.7859657030624312,-0.23641758434047416,-0.09670854284221188,-0.5613318354037856,-0.23654206857986124,0.14526753683709703,-0.9105490751040578,-0.08044804649588169,0.15316377108883308,-1.075107462729385,-0.22052682444579289,0.04695995699258131,-0.7592579107651642,-0.22602045603524015,-0.0348588611344003,-0.5440440099220472,-0.19059332150593197,0.2665615236950514,-0.8068390384280751,-0.11231599472633468,0.3925427571133935,-1.1098388156236974,-0.20061566698743327,0.48043122212126194,-1.3011955791462402,-0.2266149109099022,0.5466860315872119,-1.5133344578027519,-0.22625594156351994
0.0,0.0,0.0,-0.19886549304667625,-0.23275048868146433,-0.06411245779021855,-0.3175100544203763,-0.6603267747177912,-0.1027292419281474,-0.40269942628469263,-0.980666710477425,-0.15051133703581246,-0.5094526848555354,-1.1821024219130822,-0.18026783540059174,-0.13239085107009355,-1.0358985583328195,-0.0364373028855182,-0.1430620530866042,-1.300773487071143,-0.14166052103701385,-0.16565569521906734,-0.972179568565169,-0.18598952519064232,-0.17619697308986493,-0.7139848908738284,-0.19597628551014865,0.010370578672221705,-0.9987649030317572,-0.048591352831215955,-0.0005193259005534049,-1.155237592993234,-0.190140923676421,-0.06142706111445872,-0.7961640444605438,-0.23508959279534664,-0.09951207253527133,-0.5638856196865418,-0.23617175343126962,0.14703094845935602,-0.9146993472266862,-0.0777815876493622,0.1538739290354917,-1.0913387296401134,-0.22079147299432778,0.047931074640298374,-0.7700046239552231,-0.22912179312656752,-0.0342478936052676,-0.5486248147880168,-0.19556767777870412,0.2718986169351015,-0.8137008386734141,-0.11013614611890528,0.39338751625771046,-1.1184055804127822,-0.20177579541529375,0.4818423211623195,-1.3061963837607546,-0.2308960639495503,0.5496364067813146,-1.5172036681736707,-0.23299947748618235
0.0,0.0,0.0,-0.1952814279625564,-0.22442780734330495,-0.06512794071274677,-0.31223681377294826,-0.646982780544053,-0.10256349542823463,-0.39737359630535646,-0.9575143363036609,-0.14782082327576088,-0.5043246633448056,-1.1517102635857999,-0.17460074978427212,-0.131556651907254,-1.0335504811871306,-0.03903937596572239,-0.1432180203279856,-1.2716012137362727,-0.13912141417693294,-0.16546753427450528,-0.9415198123890275,-0.1791694401480349,-0.175561860046311,-0.695963922357698,-0.18743612501728776,0.010447673215514437,-0.9987081121248903,-0.04972879347339285,-0.0032279742455925465,-1.1234319055824808,-0.18579171426431015,-0.062363386313062354,-0.7650580628897558,-0.22806365569191472,-0.09989946539711682,-0.5478961767675681,-0.22837716804120942,0.14499703533200303,-0.9114699324419435,-0.07685612037327394,0.1490338989735154,-1.058795955344922,-0.21678271806520164,0.0443134166655827,-0.7369962814110809,-0.22303867858380733,-0.03817885726474075,-0.5244257453890819,-0.18858478632757353,0.26613454181940227,-0.8072039087522095,-0.10706427429109555,0.3846269077598762,-1.1065310824886467,-0.1962390489379457,0.4693356830795549,-1.2921776988563207,-0.22215418150160593,0.5325025421184751,-1.5010000797511098,-0.22182744344957658
0.0,0.0,0.0,-0.19799809028264265,-0.22857817166072142,-0.06209630804496019,-0.3162782769956879,-0.6511005715072637,-0.10002752535048542,-0.4034744628445498,-0.9610725358346166,-0.14690743052363262,-0.5134864542712451,-1.1529374099753784,-0.17575795327516822,-0.13764119787652107,-1.0343452469646541,-0.03826663096203549,-0.14823137510864712,-1.2872250913734749,-0.1410877002421617,-0.16959543878279354,-0.9581106822683222,-0.1830070907935604,-0.17974610453865844,-0.7041500824329667,-0.19137356776254438,0.00496435714506301,-0.9987012687899361,-0.05070631987738935,-0.006846827614577891,-1.1366515153273251,-0.1898152530172859,-0.06461404228401166,-0.7783116972897639,-0.23330935765451757,-0.10170097945198339,-0.5528479822641137,-0.23345708895266343,0.14121309776332122,-0.9141302582740962,-0.07940294156492139,0.14625027987405947,-1.0743512210105586,-0.22072294381617166,0.04126760253417275,-0.753486800950337,-0.2284486800224589,-0.04193638456820044,-0.5371704871408599,-0.19446295650742085,0.2648060304019462,-0.8126076816902871,-0.11081494067667569,0.3850415125501816,-1.114616290914242,-0.19990223123642883,0.47142290047906393,-1.3015301652528914,-0.22667611029417192,0.536008215326867,-1.511431477877423,-0.22696178360487662
0.0,0.0,0.0,-0.19935679943566098,-0.2244391971760135,-0.06497938695072841,-0.31932249479521396,-0.6463598365351828,-0.1043014461140906,-0.4069839574429216,-0.9607948584202216,-0.15187341359475515,-0.5162520098904805,-1.158178690850282,-0.18117238952635495,-0.1400852529604099,-1.0344777220766037,-0.04377263696133709,-0.151103574242037,-1.2916843846910175,-0.1463818424704187,-0.17317808424246187,-0.9623238940628738,-0.18719058916556797,-0.18368593041232587,-0.7063348717582615,-0.19516505093973655,0.003898507803482594,-0.998458987894324,-0.05535748485930757,-0.009005648613750273,-1.1406548909207272,-0.1949724279265069,-0.0682521952275682,-0.7813565147588893,-0.23886179863122223,-0.10529941635630617,-0.5538553860248502,-0.23962369698177316,0.14140840739125995,-0.9140353749472266,-0.08301474769374903,0.14513908524262167,-1.076244586163396,-0.22525723249321325,0.03955345723740837,-0.7532449058673868,-0.2332602671788635,-0.042780829054917986,-0.5331455743426569,-0.1997148878536817,0.26627922262199977,-0.8132111176099597,-0.11347715352790202,0.3865405045784973,-1.1205630905189614,-0.2046850808935988,0.47302109141851106,-1.310842734384273,-0.2325304458564014,0.5384168686548346,-1.5209295294937828,-0.23353919486079058
0.0,0.0,0.0,-0.19920205677228306,-0.22704875812782283,-0.06538704703460223,-0.31899446540483484,-0.6476881206819807,-0.10511509062217259,-0.4075269265461382,-0.960370276369674,-0.15284043219189222,-0.5164988102594806,-1.156877491075292,-0.1820676613411714,-0.13628878503484462,-1.035380664195558,-0.04543733580406509,-0.1490789497546028,-1.2889457900057981,-0.14868997211077994,-0.17103216545320177,-0.9572963888824368,-0.1892802383824945,-0.1812864189297533,-0.7038776080443179,-0.1971348660936432,0.006739953060031175,-0.9983501497998473,-0.057022376549658756,-0.007206456367269382,-1.136645046043861,-0.19733437939760037,-0.06663960240860746,-0.775513885301426,-0.24041356667194413,-0.10377135482018612,-0.5525095032267451,-0.24075111093673734,0.14312225923839067,-0.9117624323590019,-0.08475961774557379,0.14669278258205354,-1.0738364114208268,-0.2275397336010502,0.04193201448519246,-0.7495041670359877,-0.23420961470409124,-0.03967152209096179,-0.5320568517306724,-0.19991865889430466,0.26610844248223353,-0.8075389055659472,-0.11539317223880188,0.38652674458312203,-1.1129458879754193,-0.20732722382319752,0.47283610341409504,-1.3023748933828707,-0.23493098150091304,0.5379916777752181,-1.513963448956833,-0.23570790518529933
0.0,0.0,0.0,-0.20033899965278137,-0.22872432489692693,-0.06385612328502133,-0.3213232997409196,-0.6477093305160423,-0.10328095918256527,-0.41029694887180174,-0.9593403878436542,-0.15163291104225332,-0.5195358860642982,-1.1562329663082678,-0.18170219929748901,-0.13721489057977335,-1.0352782227577038,-0.03971391063515156,-0.1512331604225143,-1.290507303666953,-0.14444438819462455,-0.17185865152148141,-0.9590683940368189,-0.18746085558263564,-0.17979085276428877,-0.7047753622271932,-0.1964357189342371,0.00565330932704051,-0.9986187243687242,-0.05223680152760966,-0.0084677178239023,-1.1404630342511612,-0.1940775492027339,-0.06651196964467368,-0.7785044674735491,-0.23848233365920732,-0.10272894865800972,-0.5508918735257523,-0.23877278879247144,0.1418095049877235,-0.9139807706935847,-0.08129478545700329,0.14400423903637877,-1.0777878899046696,-0.22482104417838267,0.03967463352731084,-0.7513384184616696,-0.23199688349625802,-0.04123404013278265,-0.530814973862508,-0.1970875050412567,0.26479490236900766,-0.8122799475762398,-0.11327307154523351,0.3851056632909304,-1.1167410124399824,-0.20396688123809,0.47149840977943086,-1.306213150521095,-0.2309920302760664,0.536489829076752,-1.5175336469146414,-0.2311744797439893
0.0,0.0,0.0,-0.20152821477020536,-0.22509769086801934,-0.06533234238181203,-0.3220246320103522,-0.6460754812798652,-0.10511567014319109,-0.410705191994935,-0.9586922803987652,-0.1535615324709778,-0.5203961018324244,-1.155836665663843,-0.18344010217362453,-0.1393976549319006,-1.0342418448170103,-0.04136938377716246,-0.15256225154982517,-1.296487529047241,-0.14640348152773106,-0.1732488681941725,-0.9644120286362196,-0.1887589224789217,-0.18195744843240635,-0.7089166479728862,-0.1970543090165104,0.004147883659368239,-0.9985807902981049,-0.05309614212690676,-0.009318568559351603,-1.1434642784544888,-0.19518321968919555,-0.06750598960757373,-0.7799780719291541,-0.23887185621056525,-0.10361475044570156,-0.5538261942228835,-0.2384345579093826,0.14134799289324682,-0.9157233664020134,-0.08151200451383443,0.14430340846360187,-1.0835183408328264,-0.22543960506221075,0.039426956992924894,-0.7558130079609026,-0.23189739947466764,-0.04211836430081069,-0.5362428747001065,-0.1963306863698333,0.2657950260805602,-0.8163909038220281,-0.1129359687353844,0.385205040089588,-1.1221647195504227,-0.20375850344805682,0.4707409478121857,-1.3110789703200563,-0.23028863374171366,0.535038221614364,-1.5240973600742946,-0.22998073179784437
0.0,0.0,0.0,-0.19852767549231942,-0.22175457861071893,-0.06674757700288766,-0.31961128767711966,-0.6433995471343809,-0.10708680477826274,-0.4077729456994904,-0.956259128724226,-0.15519829705898672,-0.5170389484728075,-1.1538300970670616,-0.18436372596350037,-0.1369691429813337,-1.0333054027836055,-0.04509058751843524,-0.15087348387348312,-1.2940388955198399,-0.1492099783638523,-0.1721661044547351,-0.9593149405575447,-0.19034734699661085,-0.18010693076892315,-0.7040487415498048,-0.1985023266798212,0.005509768903551259,-0.9984188794374663,-0.05594089407100476,-0.00870593348923122,-1.1448317312312988,-0.19704443554900264,-0.06566255779483421,-0.781603979011168,-0.23951624029290408,-0.09957806170424224,-0.5547688154396447,-0.23894148653825092,0.14189626328791147,-0.9145381650367889,-0.08339088569833357,0.1447603828094525,-1.0835093976285632,-0.22604394580095102,0.03942545748763345,-0.7596917748981106,-0.23235520279035488,-0.04292855138176665,-0.5419104719019352,-0.19769846090753881,0.2660083554542548,-0.8131288692635802,-0.11399630383243946,0.38380900595652,-1.1185567726158954,-0.20514865278115338,0.4692302764890367,-1.3062981544145758,-0.23279699077961316,0.5333567103442115,-1.5178224947755503,-0.23380688423525486
0.0,0.0,0.0,-0.19933359379057417,-0.22320932506714303,-0.0659387695447697,-0.3214627443498746,-0.6482189135666505,-0.10480765000945473,-0.40962913418609936,-0.9619318489198635,-0.15157073045387132,-0.5172609018702433,-1.1600009733666408,-0.1791081966753924,-0.13766259028137112,-1.0324826778149707,-0.04471157209440683,-0.15090199017166858,-1.2943901762788952,-0.147718586125742,-0.17267076674068566,-0.9590906383805481,-0.18728714781249517,-0.18149833060600484,-0.702584238341893,-0.19430372026236922,0.00501506740619745,-0.9984354091011619,-0.055691857141837005,-0.009788286286283978,-1.1448773788671711,-0.19646378203372458,-0.06705134558587149,-0.781196870098572,-0.23825018041751514,-0.10155451267073985,-0.551957640438271,-0.23706841215017582,0.14195322405648228,-0.915169834091558,-0.08316472038661558,0.14363152310051333,-1.084573699822065,-0.2251399285667836,0.03902063809826287,-0.760898829087575,-0.23077428109257142,-0.04212315624050269,-0.5405942808773382,-0.1956108258333985,0.2667392798989929,-0.8151281256496639,-0.1138150018451903,0.3863195693825334,-1.122574311646217,-0.20458546788763324,0.47141670683164244,-1.313304213617098,-0.2321939597395237,0.5347191222759831,-1.5253829467469062,-0.2331664965999824
0.0,0.0,0.0,-0.19925125117753906,-0.2224490591979189,-0.0672284074451561,-0.32099648176631757,-0.6474652213571347,-0.10683098085702449,-0.40917920419430903,-0.9623323704623266,-0.15402507066346077,-0.5178070236923993,-1.1598949402361074,-0.18204512524936708,-0.1371089983287471,-1.0328008444186825,-0.04609995266076256,-0.15054063440827442,-1.2954777426063864,-0.1500798193719141,-0.17243892941466998,-0.958973535071605,-0.1905956323168671,-0.1806827035174973,-0.7032427507144235,-0.1982496208449398,0.005394072125625672,-0.9983869088190924,-0.05651976897122525,-0.009205717582811112,-1.1440912389843474,-0.1972328825297855,-0.06701218435329397,-0.7780994433386178,-0.2384921196532636,-0.1012128693855764,-0.550836961257421,-0.2371828565861911,0.14205248367792425,-0.9138166621177428,-0.08360445534061275,0.1443986104666444,-1.0863106179602933,-0.22568286582241417,0.0402980578994371,-0.7612900739032383,-0.23028639623267855,-0.03953306085998157,-0.5420681201626302,-0.19462709399468686,0.26649836317579056,-0.812541540611736,-0.11398756614233543,0.38650155340044196,-1.1199186109293113,-0.2051530058204794,0.4714610611286495,-1.3111662033256832,-0.23246714266723448,0.5351688806965985,-1.5252266966585237,-0.23322764680811728
0.0,0.0,0.0,-0.20176411202111294,-0.21998302505860876,-0.0692638507975851,-0.322076833949837,-0.6426609569809797,-0.10940418192884226,-0.4076408062611777,-0.960451401172713,-0.1566053518873233,-0.5172457819175067,-1.1563913889683222,-0.18467116695526217,-0.14248705079338547,-1.0297094527870523,-0.046606873766647676,-0.15220030360904854,-1.2892080841259204,-0.1512942025857165,-0.17311600702795849,-0.9536749410638035,-0.19229050117823934,-0.1823279915046422,-0.6990622430422941,-0.2000861159997685,0.0011554503320847975,-0.9984296427888469,-0.056008154183703196,-0.00886751272621583,-1.140732624002205,-0.19628049361159794,-0.06829360467368412,-0.774471787231146,-0.23732583736343996,-0.10506906113856002,-0.5504995093457282,-0.23608057106099026,0.13837372896788405,-0.9153283753859776,-0.08241392812928097,0.14451190862450414,-1.0849787710242311,-0.22502587997872714,0.03917141188224745,-0.7579515655364031,-0.22956163270756336,-0.04268879573042302,-0.5411887873946752,-0.1937686164239317,0.2628826086556627,-0.8139355286021158,-0.11227967974279916,0.38259144183665283,-1.1181111105275026,-0.20357842256337227,0.4665843049350436,-1.3060848886283805,-0.2304979283739251,0.5288856173440127,-1.5204258251235014,-0.23097613023363933
0.0,0.0,0.0,-0.20049015447342255,-0.22083574959277244,-0.06931127412143964,-0.3205778857773029,-0.6418288903781246,-0.11020360721765911,-0.40637137037988597,-0.9595026434156075,-0.15795306634958473,-0.5154577291101066,-1.1559422336123724,-0.18648455484796275,-0.13838323055110457,-1.0310043432367988,-0.048873946887316534,-0.15075380273442002,-1.2897102948543822,-0.152198490660562,-0.17257822231721456,-0.9539943648669443,-0.1917535382660367,-0.181949665899234,-0.6994541576933443,-0.19908711923928085,0.00560438547284656,-0.9982663250342227,-0.05859125503126921,-0.007165058222397222,-1.142558279651421,-0.19808619062282276,-0.06668931688154682,-0.7787099641489308,-0.2393910809773394,-0.10257423502549251,-0.5536290291286016,-0.23887939030633848,0.14283507364222317,-0.9143218339537403,-0.08490768377940901,0.1470548898046295,-1.0826195020138816,-0.22706284491260087,0.04162114972472771,-0.7550637720803651,-0.23189661580936116,-0.039716973421496875,-0.534342091592211,-0.19680201045741696,0.2670674391986478,-0.8118677788777564,-0.11463208327121435,0.3857431949786407,-1.1186918194011288,-0.2065627426355141,0.46949010207433783,-1.3093620313130099,-0.2341439253120364,0.5322216284152883,-1.5231765127154242,-0.2353113513046145
0.0,0.0,0.0,-0.2017818435581758,-0.21787680539238174,-0.07003567101140132,-0.3222410992939463,-0.6397217871341705,-0.1112876080530448,-0.4083407162502705,-0.9564115657174705,-0.15938144793367742,-0.5203721308333213,-1.1504800360509455,-0.18860370780015853,-0.1436314106044749,-1.0302996803811453,-0.04951355145175415,-0.15505089579485376,-1.2843161550633917,-0.1534362420421433,-0.1760299784798027,-0.9490532569263088,-0.1938677849845689,-0.18606114881018096,-0.6921738329074831,-0.20148521418624443,0.0008722435694431381,-0.998254330530446,-0.0590553195602797,-0.011488910165423452,-1.1380623822034095,-0.199729671674005,-0.06984817196693134,-0.7705103159189615,-0.24155514948355336,-0.10655330398571633,-0.5394702767608789,-0.2406927842017828,0.13822937205426367,-0.9145848646620188,-0.08534590905853416,0.14188747738826185,-1.0821337330920264,-0.22765487544089982,0.03577011054637601,-0.7553618232924112,-0.2336873933938015,-0.0475537075739568,-0.5340863330179931,-0.1990482775456003,0.2622517353855737,-0.8124165971984669,-0.1150916489313272,0.38002862057623726,-1.118672503667952,-0.20630427220299452,0.46413180789780195,-1.3082002852080854,-0.23436527934527576,0.5263810839924995,-1.5222570552049952,-0.2359129623743864
0.0,0.0,0.0,-0.20095358687408862,-0.22205605817385834,-0.07052894958826011,-0.32389976471110304,-0.6446614101835215,-0.11187333233882231,-0.4128856967183315,-0.9626907993462771,-0.15952447986128723,-0.5238298751705504,-1.1579110528987915,-0.18801725798329966,-0.14063155107931116,-1.030905322306419,-0.05342776039351557,-0.1526827711560677,-1.2830918316815327,-0.1559168478588076,-0.17492738414096637,-0.9476806122679923,-0.19390302076954202,-0.18726580187625713,-0.6915557087638862,-0.2004576147267301,0.004076359820905655,-0.9980270082346353,-0.06265360424455645,-0.010479113022452316,-1.1356474165320092,-0.20270927669091812,-0.06995266904661492,-0.7718160957029729,-0.24407908359111544,-0.10791114954646414,-0.54453876562766,-0.24385618219295244,0.14135370081877657,-0.9135818466672091,-0.08817452148302367,0.14319472092184338,-1.077751785392533,-0.23070753923047055,0.0379344704062097,-0.750627188066101,-0.23622743667156654,-0.0444493322757501,-0.5276788778739926,-0.20187788102539292,0.26462835520608236,-0.8108291733926808,-0.11705342923834793,0.3828564572964181,-1.116658110512059,-0.21024352864185542,0.46728998320308046,-1.308033886340317,-0.23910292242444045,0.5299234522432312,-1.5216105952523526,-0.24127512021333308
0.0,0.0,0.0,-0.20239858426264748,-0.22018786357699868,-0.07077226647042704,-0.3256091775215557,-0.6358147149110834,-0.11288643612287597,-0.4136293695055179,-0.9513877551828654,-0.1617176155146619,-0.5238089923566007,-1.1469001130173202,-0.19144815283773675,-0.1453529785524987,-1.0295972932103816,-0.05258921356375824,-0.1594689367711105,-1.2803191520410349,-0.15692493754411613,-0.18076941895469192,-0.9433904167496717,-0.19610228920385706,-0.1901126165848719,-0.6869842297026719,-0.20272655573775744,-0.00047505272316533534,-0.9981005936082218,-0.06160340383311108,-0.0158933298150724,-1.1359552799482155,-0.20348909039601695,-0.07460791950738706,-0.7674070983974787,-0.24464081045717384,-0.11057259743214118,-0.5384617008634378,-0.2434027367210695,0.1369061557564349,-0.9152615148655215,-0.08714827435524737,0.1394168575706367,-1.0814112047925974,-0.23117795709392783,0.03357125706755841,-0.7515597175197483,-0.2362950567954652,-0.04886410097164062,-0.5304291596153451,-0.20070218544333668,0.26088639371582234,-0.8135809631989318,-0.11610561774666978,0.37911208310703814,-1.119325562828845,-0.2091599164800699,0.46217201319373735,-1.31090048581683,-0.23751719662587836,0.52336006382765,-1.5267510846812942,-0.23881814907412166
0.0,0.0,0.0,-0.20074815912313537,-0.22242043167111014,-0.06956708915635723,-0.32240133661774756,-0.642356602405109,-0.11014385148040713,-0.41036695097062087,-0.9581800242480693,-0.15744562840397083,-0.5214898665216108,-1.147946361860435,-0.18581733171806603,-0.14136234840554085,-1.0303683986018235,-0.04983955169746549,-0.154456467277772,-1.2792784156663393,-0.15221796957811393,-0.17674048848647708,-0.9446592887471379,-0.19027081254421208,-0.18813220561906188,-0.6914130804054612,-0.19680268681178228,0.003318704151023228,-0.998246512944539,-0.0591006395635957,-0.013049591108040283,-1.1348321038749392,-0.19866906527640543,-0.07246034476408199,-0.7719649144018065,-0.2399257709477596,-0.108742343029341,-0.5484615896770749,-0.23967814299773127,0.1407696302830332,-0.9144665084256086,-0.08480130637352756,0.1420125276677305,-1.0786376035597802,-0.22774100694443494,0.037225026101069196,-0.7512757631536644,-0.2334899847314945,-0.04358658398014061,-0.5303707535651003,-0.1989864872634591,0.2643781493893968,-0.8119650733582575,-0.11377903071063557,0.38019264689979315,-1.1155206342603625,-0.20716659321314987,0.4615875522156528,-1.30458099433342,-0.2361360378804122,0.522266885244867,-1.5163806304324698,-0.23809313473598026
0.0,0.0,0.0,-0.20251670717872944,-0.2234545128196669,-0.06899249485211227,-0.324572362859428,-0.640528285376495,-0.11009302843773607,-0.412654482385961,-0.9546053662905287,-0.15825086303001473,-0.5237703910058523,-1.1459297347174968,-0.18758453093581032,-0.14420292105989094,-1.0288186377478503,-0.050425541988341135,-0.15957686018318992,-1.2740084388062052,-0.15348115857992772,-0.17988267752591014,-0.93686915339056,-0.19205558435444814,-0.1896749789316208,-0.6814564695610424,-0.1984893140862995,0.0007151056813161229,-0.9981836806676005,-0.060239756579406646,-0.016914294902287203,-1.1308654957766575,-0.2006553179176895,-0.0746606984393929,-0.7633137635134681,-0.24194320692413898,-0.1113526728358901,-0.5348057508247231,-0.24123046148031618,0.13853983200919903,-0.914580181203434,-0.0864035618977898,0.13604705098289746,-1.0744937686023408,-0.22921109088297112,0.03158830791089392,-0.7439622225847228,-0.23488776286904137,-0.04971993000974722,-0.521882756361177,-0.20008349253596922,0.26268128972568044,-0.8116886358270096,-0.11583634242361833,0.3802424053107241,-1.115684263102815,-0.20802633960939693,0.4621543086796624,-1.3057077241584527,-0.23632049644624983,0.5210175210636178,-1.5196162332967142,-0.2379686132645174
0.0,0.0,0.0,-0.20083382429066074,-0.2260865480023055,-0.06806158947644737,-0.3224362124022315,-0.6458045779387542,-0.10898292499981771,-0.4123264311198778,-0.9599368378134985,-0.15717059661458666,-0.5247180902954042,-1.1504521879645497,-0.18683268909384945,-0.13928327318540495,-1.0282944864480872,-0.04839136779645658,-0.15576680439777066,-1.2759403755847742,-0.15146885069655625,-0.1775091740045714,-0.9407942347463725,-0.19137292693744878,-0.18768012849678148,-0.6844130816997579,-0.19902699592691697,0.004996333363398089,-0.9982826506333865,-0.05836768024602257,-0.01334202270353962,-1.133902193899071,-0.19792387523655816,-0.07223684833545059,-0.7703184108368365,-0.24010234052136908,-0.10873415724344027,-0.5420793959440595,-0.2405871475289375,0.14260901858216135,-0.9150363933510681,-0.08465068275533974,0.14075047552601658,-1.0785753544963819,-0.2264677418315728,0.035472758464615284,-0.7516842718347857,-0.2328626070002856,-0.046152548842057765,-0.5300643993818384,-0.19919763814034688,0.26643907421101276,-0.8123227480942431,-0.11417310447833573,0.3836200558773737,-1.116264161098363,-0.20619076194211697,0.46555750620608005,-1.3059865118089835,-0.23502295183033944,0.5252223713837099,-1.5187992661066096,-0.23735103402884447
0.0,0.0,0.0,-0.20140075900421883,-0.22501626032540006,-0.06818145227004994,-0.32578944334167226,-0.6390655517110012,-0.1093317042297757,-0.41454672047221586,-0.9513634321514526,-0.15736955089394464,-0.5227837419341151,-1.1466046258184657,-0.18640377481279677,-0.1436703439805286,-1.029146595814668,-0.051611532974655004,-0.15940163123496523,-1.271079787426549,-0.15344660328791943,-0.18045552058447492,-0.9349288703414232,-0.19090438088565384,-0.1908922923787439,-0.6796047288066505,-0.19672420418928724,0.0010985200296896186,-0.9981149294150018,-0.06136269984795516,-0.01857986333142487,-1.124226137506327,-0.20069952551624012,-0.07654254743456336,-0.7571425039754289,-0.24157939164548747,-0.11341198394322598,-0.5287360759486469,-0.24091071723717133,0.13868921623614794,-0.91414014099908,-0.08705149604224433,0.1339144883022237,-1.069136605285719,-0.2289915208418614,0.02883222419388051,-0.7416242686291894,-0.23492087278260135,-0.05285405781872656,-0.5220521959631241,-0.20059163680600717,0.2622951704061051,-0.8107087058134025,-0.11576327800116235,0.3798360744609231,-1.1135112710703954,-0.20739913494121243,0.45970467076586713,-1.3044835734025213,-0.23550803589603153,0.516125915998077,-1.5184444168437616,-0.23709469979257272
0.0,0.0,0.0,-0.2018828850165368,-0.225391097544061,-0.06813887158570883,-0.32648203849671936,-0.6417021084658672,-0.10893435065869095,-0.41632958215713406,-0.9551758323209517,-0.1567310229519987,-0.5257028297851721,-1.150453207499869,-0.18546341683345008,-0.1448396642955784,-1.0293883458149473,-0.04948831967238174,-0.16090619711484228,-1.2792388745600298,-0.1512931911426456,-0.18277976950880087,-0.9426201915404356,-0.18927414146656749,-0.1924681972670358,-0.6868398673551407,-0.19581751891499308,0.0002612972810641671,-0.9982534840752966,-0.059075487769991046,-0.019071730120031726,-1.1331766658428128,-0.1986694338821729,-0.07797968858026896,-0.7678979239033696,-0.24016138070804122,-0.11388141500389634,-0.5404088339043108,-0.24007209949420213,0.13818670495169588,-0.9149631650406488,-0.08474004125250902,0.13511335121727447,-1.078623290642272,-0.22679656799024242,0.029506721538449982,-0.7525941117190245,-0.23310120060150522,-0.052003358877661075,-0.5326189435336516,-0.19932172530902276,0.26215452928690497,-0.8127277717109059,-0.11349897458994622,0.3788647148559537,-1.1160955864375834,-0.20630970973822138,0.46015899751755407,-1.305511044041412,-0.23561927439962108,0.5192877679658405,-1.5178346775593186,-0.23801684409450277
0.0,0.0,0.0,-0.20134867939106196,-0.22047265152836124,-0.06956755370232608,-0.32583445122346155,-0.6380950189299802,-0.11051811192160851,-0.41554921345990725,-0.9518320691001999,-0.15790314824672538,-0.5259983788409538,-1.144958063102005,-0.18609152225506323,-0.14500105363533114,-1.028817932184057,-0.05275820662479896,-0.15958056739064283,-1.273458318975264,-0.15440855776435955,-0.18152891385348766,-0.9356176440865148,-0.1914392908381417,-0.19204655349699726,-0.67989989749616,-0.1972561218168749,0.00031297770049546386,-0.9980912448217782,-0.06175572082869911,-0.017502548111591958,-1.1256285492340086,-0.20091069997782562,-0.07597690722647468,-0.7595054245796187,-0.24127715594234816,-0.1121940068234781,-0.5332528472057438,-0.24040554353130925,0.13807859290205837,-0.913765001548615,-0.08682561685362655,0.13586816479773267,-1.0710632705129175,-0.2286178176541258,0.03113352142160042,-0.7429386687071114,-0.23410659017392024,-0.050183406157542736,-0.5233437958417101,-0.1998937533969802,0.2614370722671775,-0.810163100959813,-0.11508847087112158,0.3775275960348406,-1.1124171581895403,-0.20775004333033664,0.45873422391670166,-1.3009944444072852,-0.2365099503701836,0.5180959690383611,-1.513139006899322,-0.23855208829567884
0.0,0.0,0.0,-0.20163937782389724,-0.2215445995920228,-0.0685453098525212,-0.32600728169569343,-0.6390909453672065,-0.10837776529281128,-0.4159668416841031,-0.951044756924485,-0.15493255008953521,-0.5248896800753486,-1.1448328531354262,-0.18236333958868184,-0.14778266301092957,-1.0273200191692633,-0.04862943399981495,-0.16129695686676332,-1.2690092488274285,-0.14971179483897057,-0.1816008848212549,-0.9325012275345178,-0.18697423357970175,-0.19139890476500215,-0.6815466936982776,-0.1930103060641454,-0.001719789601098193,-0.9983290955931249,-0.05775862893058816,-0.01696716326424234,-1.124707512326911,-0.19557943444262937,-0.07529031029549625,-0.7595232869244148,-0.23566271945190004,-0.11297598211357185,-0.538183208839102,-0.2348319200507148,0.1367178279944833,-0.9150273751584354,-0.08317232968446263,0.13640144725215395,-1.0702920550944388,-0.22501468006916414,0.03156571644355477,-0.740745702236155,-0.23083756703225775,-0.05115658791752231,-0.5242609794870327,-0.19667947588598503,0.26090409904804607,-0.8119022046410648,-0.11165628150114609,0.3752844129513737,-1.112829759697152,-0.20379428164462293,0.4563295671229501,-1.2978826832889272,-0.23210770465650984,0.5153816450477037,-1.5081305153074809,-0.23382144905964344
0.0,0.0,0.0,-0.2026693078924326,-0.2231490320526368,-0.06745844554995815,-0.3287265433299157,-0.6426383793253654,-0.1069498530541619,-0.41921327504745975,-0.9542750184856947,-0.15321304604488997,-0.5288340633672797,-1.145604419822873,-0.18053818725437407,-0.14451569015693186,-1.0308230554712805,-0.05200665911142498,-0.1630876371347632,-1.2720957862162017,-0.15293181822617627,-0.18480950176841987,-0.9336674079270204,-0.1893984840379923,-0.19389404956623862,-0.6832608571355191,-0.1952235895371401,-4.742684618589868e-05,-0.998071404185153,-0.06207632317213451,-0.020418456794703343,-1.125952635528089,-0.2013368085133608,-0.0789684670033843,-0.7589288216329314,-0.24111792115435865,-0.11502043625522612,-0.5349353333618251,-0.23983241372038602,0.1369941983404149,-0.9116166925544404,-0.08801411955990315,0.13209465450292224,-1.0679588296556117,-0.2306325513291415,0.027555735795037263,-0.7373420404677887,-0.23599298445982203,-0.05294995155359425,-0.5184841230235593,-0.20140280472296093,0.2601591343215883,-0.8059714550026471,-0.11689615771959387,0.3747981258644944,-1.1087695385284486,-0.2101984086125479,0.45560978096011506,-1.2976302525704835,-0.23905709089589464,0.5148896478873378,-1.5109253884916478,-0.24111734446605387
0.0,0.0,0.0,-0.20139495447527048,-0.22180050918141722,-0.07035079915257968,-0.3269752746702323,-0.6372360646926033,-0.11155936544884845,-0.41734079631660853,-0.9496629397374463,-0.1589763707821676,-0.525517251280182,-1.1460589175274378,-0.18694398914598145,-0.14667811177948845,-1.029192692235931,-0.05419069484583336,-0.16313166007175656,-1.2701146212407608,-0.15564727850989643,-0.18478808764638263,-0.9322340128221874,-0.19147535120496098,-0.1939437104509684,-0.6835028815510075,-0.1967071735073404,-0.001199643838214582,-0.9980155889468107,-0.06295589784771446,-0.019588470101132387,-1.123623827120496,-0.2023960375381364,-0.07879190704100207,-0.7560192323845752,-0.24138077673836464,-0.11510223287348711,-0.5346338994808073,-0.23965840790743492,0.13657954311927378,-0.9122327620455404,-0.08792650276785971,0.13345217667098813,-1.0688104232309774,-0.2316377707180632,0.028363007889216186,-0.7381729178666195,-0.23660691754983817,-0.052434202415603245,-0.5206345534369788,-0.20161884892251888,0.2601587062848821,-0.8066364627195647,-0.11599498404366632,0.3750095852113147,-1.1083603402579036,-0.21026782491025497,0.45542736899341774,-1.295673116138612,-0.23926863883319474,0.5143234317516988,-1.50796243987553,-0.24123052180832097
0.0,0.0,0.0,-0.20163889840687338,-0.222877720617848,-0.07043551493622459,-0.3274134435053879,-0.6371676126106817,-0.11190619286703785,-0.41782745529314863,-0.9487928545749884,-0.15948516248309666,-0.5272960819582373,-1.1428110118864718,-0.18760019126163874,-0.1481966675941086,-1.0296544694961707,-0.05528457335526316,-0.1637174940942206,-1.2713882072078169,-0.15634550830237814,-0.18509055625345036,-0.9323938520622169,-0.19140390965826276,-0.19413784999511283,-0.6851299440817112,-0.19629756804627532,-0.002302703090439813,-0.9979355400491943,-0.06418220520674128,-0.019676740618315605,-1.1236763870537023,-0.20348900371043985,-0.0787734379483243,-0.7537801431338397,-0.2419959814599258,-0.11534231493596463,-0.5333997643242719,-0.24000905989385365,0.13540409771038656,-0.9117196110327928,-0.0892059977968753,0.13322900543495472,-1.0667998969337242,-0.2333560571634313,0.02836587702204079,-0.7342391156045008,-0.2382374930870194,-0.052665333224714735,-0.5169762708470039,-0.20312566736215326,0.2587514593274867,-0.8059306136763578,-0.11725116172580463,0.3731574091922889,-1.1081942304975323,-0.2117257478056934,0.45346125620775796,-1.295886721550496,-0.24060816781106645,0.5120913362142021,-1.508281204508309,-0.24253204355781915
0.0,0.0,0.0,-0.20098222301082824,-0.22299831984361648,-0.07017934269776922,-0.32569032373984097,-0.6366443335174626,-0.11155246766075293,-0.41545175148297797,-0.9476726474379739,-0.1589769719092695,-0.5240038509256028,-1.141895768341897,-0.1869862312374198,-0.14903884518126764,-1.0289418841176516,-0.05463491370626845,-0.16347224101641009,-1.2699195994867813,-0.15565650552389432,-0.18424484698267354,-0.9322538021038165,-0.1911020416275174,-0.19323987845865745,-0.6858322047411551,-0.19619632400816236,-0.003148730015516063,-0.9979741611992803,-0.06354257689047761,-0.019228587947556854,-1.122907197489565,-0.20225300826924342,-0.07810156278614776,-0.7542400196185535,-0.24074278418744416,-0.11475171342410928,-0.5351023885457138,-0.23883662543272405,0.13469465110182177,-0.9124309649342893,-0.08856085881835696,0.13335092321085446,-1.0677507172434701,-0.2321805651477344,0.02931960553116108,-0.7355519759184033,-0.2368923720106871,-0.05090679825202272,-0.5188240796973913,-0.20177341089151501,0.2582957304544682,-0.8070082837868752,-0.11658363060318529,0.3725420285700121,-1.1098644294375601,-0.2105924068408575,0.45264778008157336,-1.2973567720910262,-0.2390748263066344,0.5113074063910755,-1.5095253550690688,-0.24076115331187756
0.0,0.0,0.0,-0.19939099992000658,-0.22269970315275012,-0.06944550068226608,-0.3251452000233717,-0.6344705391442225,-0.11056171028307106,-0.4146262424230296,-0.9424205131679521,-0.15765726350158263,-0.522512245480897,-1.1333418122502856,-0.18544772749840557,-0.14662464362611077,-1.0289833617257542,-0.054248632963607664,-0.16168757250783694,-1.2640958150829187,-0.15410215554456644,-0.1815329771847908,-0.9283187357962833,-0.18902395173227943,-0.1911290933292629,-0.6807401858510639,-0.19393419074141913,-0.0014363192983597385,-0.9979845298080212,-0.06344143165736534,-0.018100372972922416,-1.117164200599743,-0.20145930769591264,-0.07638560514137087,-0.7499210960664825,-0.24056220690433985,-0.11423733916647899,-0.5291196808951638,-0.2392432817311476,0.13568111882267964,-0.9117131614907286,-0.0884471193304384,0.13360555952516476,-1.062087634248677,-0.2310157478102753,0.030352075761432697,-0.7305871567172152,-0.23610952541897168,-0.050322138654453515,-0.512953160159433,-0.2015124936737603,0.2579842112105028,-0.8047512791199104,-0.11643265395755988,0.37149211649208413,-1.1048032385512683,-0.20982098668973637,0.451242026900015,-1.2919210871367648,-0.2381337090325854,0.5091191867317502,-1.503244444827063,-0.23981533461826074
0.0,0.0,0.0,-0.2013612384272759,-0.2272925062244988,-0.0683039438843744,-0.32804878921396596,-0.63982248479287,-0.1092464895780685,-0.41843535172604396,-0.9488176588866908,-0.1567580697095322,-0.5272735409759384,-1.1407411330998394,-0.18535228718790414,-0.14749638096027745,-1.0283207254289202,-0.05204075922012708,-0.16221298535905293,-1.2637415511812147,-0.15256586976644537,-0.18331727334996356,-0.9286012207141074,-0.18924505004496942,-0.1940155776148255,-0.6798321976307774,-0.1954588684302678,-0.0018572688779143088,-0.9980779142299969,-0.06194374608153819,-0.01859114335861362,-1.1195022189516912,-0.20063115648669808,-0.07798001009852634,-0.7523788104415898,-0.24117113859746686,-0.11681656531949204,-0.5287519373373227,-0.24091927972414276,0.1360502971352696,-0.9128753353640886,-0.08766515647490071,0.13411385811142668,-1.0656539706062162,-0.2305339881953254,0.02999496619663397,-0.7341464241078833,-0.23656132305507407,-0.05165159975109761,-0.5146125921843855,-0.20261636173679184,0.259247533306698,-0.8068260944366783,-0.11634511277608152,0.3731877678699129,-1.1073779293311414,-0.20979039496016633,0.4532267553999665,-1.2952414883336705,-0.23865118883899009,0.5112835705936962,-1.5061903421603744,-0.24086654576330574
0.0,0.0,0.0,-0.2028165347098295,-0.22588277646717825,-0.06872991423694509,-0.3294292460630513,-0.6376349302225139,-0.10973271734147359,-0.4197836479462462,-0.9473305858684937,-0.15721930952235647,-0.5285283231281743,-1.1390220493379026,-0.18566800870993228,-0.1480283074672184,-1.028964863678499,-0.05201407756338294,-0.16420253180377134,-1.263830266314362,-0.1522041567196014,-0.185113231055245,-0.927023106471039,-0.18814907318366614,-0.19495586057543934,-0.6808319282518892,-0.19396281205654012,-0.0026036223301601105,-0.9980820363326655,-0.06185038319042113,-0.020170048574444273,-1.1185965085622913,-0.20070538498674353,-0.07979473396160248,-0.7501289765154315,-0.2408696352469949,-0.11834085157522058,-0.5281872364278438,-0.2402665768050164,0.13510446044803975,-0.9123991756064052,-0.08756205299640615,0.13201217469485327,-1.0640329668799846,-0.2309414804042258,0.027275683301342196,-0.7318966103099827,-0.23680463442033994,-0.054281116729247764,-0.5138534782942105,-0.2025435222445081,0.25839300612253935,-0.8064597494520201,-0.11621486347384481,0.37256333951437753,-1.107572342906014,-0.20974432089868186,0.4523377816766093,-1.2958690805761617,-0.23844043015597086,0.5099343939521209,-1.5080583051798513,-0.2404627616107501
0.0,0.0,0.0,-0.2031051787444746,-0.2256453358919486,-0.06800429225961575,-0.330556765719069,-0.6387199661042017,-0.10845156719771337,-0.42137927855796836,-0.9494398239645809,-0.1555690357196167,-0.5302034326808953,-1.1413965287079122,-0.18369391062705825,-0.15037728799529937,-1.0280828152047214,-0.05146741229425408,-0.1664603719015185,-1.2659696780711045,-0.15124647439966152,-0.18656806741577084,-0.9296588134893361,-0.18672745422298634,-0.196142622873458,-0.6808162485584253,-0.19213300421085236,-0.004231913162530863,-0.9981066402430122,-0.06136143425467602,-0.02111884586444942,-1.1195603639376988,-0.19970552639691097,-0.08044595949224935,-0.7516785831499783,-0.23995638542575545,-0.11936330962638605,-0.5291218553293712,-0.23965360021998416,0.134376754529532,-0.9137297250236008,-0.08700699645212608,0.13182083741698,-1.0656502990558658,-0.23030471656615528,0.027138920025196283,-0.733017371250368,-0.2367433038763785,-0.054999323496313895,-0.5143155268900492,-0.20299393985046696,0.25841545457253495,-0.8088677144063473,-0.11547404617432695,0.37248942801777846,-1.1106404741927423,-0.20922647496823973,0.45291447226390436,-1.2983641552295007,-0.23843211745550824,0.511203412303153,-1.5099654586215905,-0.24086865108355043
0.0,0.0,0.0,-0.20352301494269479,-0.22527228371934943,-0.06594594591934334,-0.33188116756398117,-0.6408228235096214,-0.104924554552215,-0.42242131049228027,-0.9517646535948621,-0.15102876042973462,-0.5306155504365527,-1.1439897976343287,-0.17827819586663177,-0.15135585347850652,-1.0263538217452917,-0.04901013677558495,-0.16782239046348918,-1.2653093651190646,-0.14780706326339862,-0.18747629157620835,-0.9301998511812046,-0.18281183371844684,-0.19700026954539845,-0.6794016413115802,-0.18800788297143858,-0.004437553911861207,-0.9982015164347903,-0.059783281129130096,-0.022214967709116056,-1.1218918559779667,-0.1974915840886779,-0.08029855935340711,-0.7539560254336813,-0.23787466146642697,-0.1188520292198287,-0.5271756320605803,-0.23765474037242737,0.13496684047155383,-0.9160449719086468,-0.08619126802436006,0.1304480621531171,-1.0688415872413755,-0.2287434146043151,0.026433271229651566,-0.7349944745018404,-0.23582621986198515,-0.055553608647677055,-0.5128910527674997,-0.2027329173359962,0.26000728136958556,-0.8132226440839948,-0.11526765707148717,0.3743743911921696,-1.1157657965207566,-0.2086147485091978,0.45553459533241536,-1.3030761238766957,-0.23839991417079384,0.5138024683182764,-1.5134384558787612,-0.24157062637007526
0.0,0.0,0.0,-0.20532500468774242,-0.22747611934809644,-0.06669008036411984,-0.3362220032632611,-0.6394944913098255,-0.10649831158166871,-0.42720898537830254,-0.9525517779969962,-0.1535100860786412,-0.5335920029893475,-1.1488574957115592,-0.18136096472862295,-0.1549344562128793,-1.0267912243410717,-0.04985349924562793,-0.17127487430261634,-1.271712476072729,-0.14901575608606799,-0.19118674855427173,-0.9372985597562153,-0.18350161651348626,-0.2013236993310439,-0.6840227314988769,-0.1882147256787495,-0.006177568293426735,-0.998152871096123,-0.060437435191663315,-0.02480995645034646,-1.127110051740625,-0.19825970232948206,-0.08497300618963241,-0.7611572783147748,-0.23896187477245087,-0.12497003590280256,-0.536166905870693,-0.2392555445002891,0.1345683243379582,-0.9160406817841041,-0.08657327238325618,0.1301163015117438,-1.070747822861469,-0.23048900587245838,0.025874424785751284,-0.7333141553963634,-0.23680240427554905,-0.0558207716793158,-0.5089630601899455,-0.20275474268185376,0.2599223737606749,-0.8117790547266652,-0.11534951112318745,0.3733200197030962,-1.1139334131599328,-0.21014453414876968,0.45436457317372364,-1.3017487242391508,-0.23940954118840604,0.5130878982801244,-1.5134846678819853,-0.24171043151141888
0.0,0.0,0.0,-0.20497617040776334,-0.22343174093016815,-0.06862156576134104,-0.33545477118220496,-0.6363773585094252,-0.10904638625500013,-0.42600779631383917,-0.9477945100258514,-0.15590520091214788,-0.5316700206454303,-1.146765103414817,-0.18347418375393662,-0.1546472505366486,-1.0258841788111832,-0.05542637918321305,-0.1730530815890212,-1.26574915393836,-0.1533470749130605,-0.19223117359215533,-0.9302958675164545,-0.18589694137259583,-0.20107199320030852,-0.6821269064269013,-0.189854755545869,-0.00583473678683993,-0.9978461509110401,-0.06533769936759384,-0.024736848969310176,-1.1220823553989188,-0.20220071143130477,-0.08429912195275033,-0.7540455402175634,-0.24119095768358548,-0.12395929669202758,-0.5312208806548409,-0.24086994786696425,0.13454229691657071,-0.914898160830807,-0.09065932930063295,0.1285561145791849,-1.0688830226788548,-0.23470313515939611,0.024052931256367076,-0.7298721577819018,-0.24088915695333865,-0.05781471011096465,-0.5061440215769522,-0.2073236216514475,0.25959975944509334,-0.8105141295220216,-0.11861978427497356,0.37421230445692355,-1.11506222310799,-0.2140597007375841,0.4544389145032667,-1.3033311282459736,-0.2438681428991866,0.5114861891344431,-1.5155766850799393,-0.24703042714388
0.0,0.0,0.0,-0.20532126054281594,-0.2307309520311753,-0.06403742066728146,-0.3386885610742856,-0.6399187821006113,-0.10228834098020323,-0.43061803905589474,-0.9515675480500363,-0.1484472188857203,-0.534824359698612,-1.1501487340336891,-0.1763375124430747,-0.15723352793243683,-1.025010984763784,-0.045872442586674486,-0.1807104339333929,-1.2571876299136566,-0.14232432356644256,-0.20067982962288358,-0.9269031051029419,-0.17593564500557213,-0.21133222711911331,-0.6754784730145641,-0.18054066690727613,-0.009223494268740771,-0.9983146866949734,-0.05729496908622767,-0.03385547057537671,-1.1217370842067167,-0.193009317842121,-0.0937124531137544,-0.7590058627310299,-0.2353577021093234,-0.13451763998382557,-0.531702831361282,-0.2375330134009509,0.13083536638486412,-0.9180274676962554,-0.08375331566855013,0.1208942666001629,-1.0666228285065014,-0.22745207515770388,0.01586895176142511,-0.7271445859744378,-0.23681072341258147,-0.06733395707411649,-0.49850170273388683,-0.20491387249422993,0.25493659496767757,-0.8138770824369566,-0.11237955259610959,0.3614731855388388,-1.115354142692596,-0.2077124969017437,0.4414450143159607,-1.2994045590726888,-0.23813431877269786,0.49964360085972354,-1.50526810527299,-0.24128942689244484
0.0,0.0,0.0,-0.20436747636867833,-0.23026613666306847,-0.05993729716850513,-0.3367151231027457,-0.6379170666736881,-0.09517656572615325,-0.4292972647905822,-0.9483884272211819,-0.13895150802566059,-0.5312996197553791,-1.1487766290830166,-0.16498647302161482,-0.1590850765859722,-1.0215711175990199,-0.04050528043520041,-0.18616221647591283,-1.246702277652666,-0.13402609597274803,-0.20433121831864168,-0.9203665327043887,-0.1661667190349876,-0.21364247150677382,-0.6667991137005818,-0.16971663779931395,-0.009617494256903317,-0.9985532058647218,-0.052905565505954946,-0.03846198166273339,-1.1131463081587871,-0.18498905142739944,-0.09679783727479116,-0.7535028957838853,-0.22725997610999352,-0.13689626559584575,-0.5237415827405579,-0.22987239185747455,0.13177774456297833,-0.9205147258627436,-0.07984114211495917,0.11525615976294074,-1.0556652128340038,-0.2212597336757218,0.01154437719295407,-0.7187788401718542,-0.23249668444057658,-0.07057992020136028,-0.49132372504957655,-0.2022764132169132,0.25696321781313763,-0.8183891864971813,-0.10839966158287992,0.3641167260558349,-1.1191406005540785,-0.20206632570775848,0.44286753728699485,-1.302941395309655,-0.23237856686988023,0.49784515371078547,-1.5077104063401496,-0.23575718959012312
0.0,0.0,0.0,-0.20414496566970192,-0.23341155643014203,-0.05877566929376466,-0.33837389152705977,-0.6420455353981883,-0.09345598668496737,-0.43123432357050395,-0.950907180245216,-0.13676741072207893,-0.531908905044187,-1.152864062124164,-0.16242071609583225,-0.15826615895827859,-1.0225200843957116,-0.0403104787789321,-0.18816670643938055,-1.2405389277476098,-0.13285488519866467,-0.2070435022704079,-0.9141092353797988,-0.1645675954713408,-0.2173532904204425,-0.6614069912345483,-0.16828726400635788,-0.01005831187582276,-0.9985250719624305,-0.05335270400487526,-0.041658402905933055,-1.1087450350127357,-0.1855311270134712,-0.09859107929292439,-0.7495485938665607,-0.22792343737267554,-0.1386050010522849,-0.5191270367525801,-0.2306574103754977,0.13064682094184907,-0.9194242354001537,-0.08071137905641813,0.1103724009093976,-1.0499455953646406,-0.2217698905474405,0.008929163079563797,-0.7136353429033669,-0.2330483058087807,-0.07178603660379206,-0.4862257731118896,-0.20303467715220655,0.25558747707825397,-0.8161990451908204,-0.10963065401290342,0.3611313857042545,-1.114357889371099,-0.20356996500407404,0.4397403561078598,-1.2966559230085848,-0.23401794917248026,0.4940714263663408,-1.49976588180834,-0.23756072050101415
0.0,0.0,0.0,-0.20635627674143245,-0.22631283130405144,-0.06648193953697396,-0.3351290720157645,-0.6365814582071094,-0.10489800321357244,-0.42662061535085133,-0.9457918518576373,-0.1501643607740935,-0.532452065013999,-1.1448156122379687,-0.17710476793904406,-0.15544890488233462,-1.0251331888870574,-0.049277639521078255,-0.18465650697238947,-1.2485255914618596,-0.14494093040024913,-0.2055491235352465,-0.9141896768403553,-0.17861166570265757,-0.2121650911568382,-0.6699157991056107,-0.1840830843690596,-0.008810179451777797,-0.9982061675192035,-0.059218475703543896,-0.039703724412613474,-1.1129559879434228,-0.1947715340084584,-0.09806349781128079,-0.7475722981967706,-0.23538162535982288,-0.1333716165021392,-0.5210552385318566,-0.2359723038697114,0.1291859479592689,-0.915102535257664,-0.08432683569131211,0.108201990308055,-1.0495102101531415,-0.22695858663989643,0.005310674004104599,-0.7130763049084402,-0.23550466419986008,-0.07076945469121869,-0.4905598375892218,-0.20324703400367852,0.25304206975074545,-0.8111584024171484,-0.11189501141872553,0.36389994952711296,-1.111466170595021,-0.2066820850543257,0.4429477428169347,-1.2976471161347862,-0.23732642169294574,0.49947848458342337,-1.5058633626189697,-0.24098351814134758
0.0,0.0,0.0,-0.2024245298876472,-0.2323553436771811,-0.05976547472239724,-0.3327543746060201,-0.6414800512035441,-0.09496379637993556,-0.42416907982784463,-0.947029198083738,-0.13832473282965102,-0.5266157276224641,-1.14546889957699,-0.1640770519090163,-0.14978202215299416,-1.0254301483725825,-0.04192859511716428,-0.17736471183452807,-1.2416686890973685,-0.1349773741588191,-0.19815546258713806,-0.9146760473271158,-0.16858734527474234,-0.20699081420509605,-0.6693482593232453,-0.17405079862499007,-0.004516748147958905,-0.998517567906363,-0.05424265451219689,-0.03409386271991691,-1.1032814482494113,-0.18512302360867564,-0.09215756497388057,-0.7440274164497834,-0.2261450154504338,-0.12999241383690258,-0.5214742022519344,-0.22818283018673494,0.13325101639593387,-0.91554320447863,-0.08096704665924594,0.11496686893563306,-1.0425409649400565,-0.22057996497027965,0.015037791850922022,-0.707920667019817,-0.22962056723885033,-0.061102408090129935,-0.48673253073248834,-0.19838076931005894,0.25606050286649923,-0.8107186377581992,-0.10952844126879316,0.3658388693262191,-1.1087223841204006,-0.20218625757791964,0.4454204621196233,-1.292211393337498,-0.23114156526957336,0.5022205350758597,-1.4966660836179135,-0.23360612679441875
0.0,0.0,0.0,-0.2037596217436728,-0.22989892610012,-0.0666195554496373,-0.33393813371450254,-0.6333748177698136,-0.10561421026312078,-0.4264408406925345,-0.939296742919915,-0.1508252289070575,-0.5293645461816648,-1.1384601149775833,-0.17739580367348717,-0.15266098022713362,-1.025031624698861,-0.05323552158765717,-0.17793476774825956,-1.2375122534123988,-0.1463026813859734,-0.19772572771630717,-0.9075856052588097,-0.17645524546633498,-0.20668106155684351,-0.6630379074475509,-0.17935096563909936,-0.005445467114143596,-0.9980361436168264,-0.06240354895646715,-0.032518599304552545,-1.0989611571926519,-0.19395861110725648,-0.09169222353437682,-0.7366055564740129,-0.2323666303398382,-0.13118110865194832,-0.5173230386317725,-0.23271475545925024,0.13269310759236566,-0.9126006947675778,-0.08595439527947717,0.11721324925433554,-1.0407642154179204,-0.22686349720505944,0.016187509004911494,-0.7037384428788095,-0.23377886408854134,-0.06107955603371519,-0.483942402140623,-0.20103024168937106,0.25486595511528676,-0.8041827155124601,-0.11175518361224937,0.36509866274983693,-1.1009200162850337,-0.2057939952550849,0.4433034015499628,-1.2849158742625304,-0.23455512335559883,0.4985708453776357,-1.4923826038734427,-0.23669446633312854
0.0,0.0,0.0,-0.2046411672342365,-0.22822629777404582,-0.06545293943664082,-0.33529328937091263,-0.6365166050573966,-0.10261617891741737,-0.4277799161059511,-0.9441792188130216,-0.14623982610652755,-0.5304200390202886,-1.1422249338557864,-0.1712283071533952,-0.15498159342841517,-1.0239056922200334,-0.05100144062696731,-0.17918127190335187,-1.2396684928855561,-0.14216547123620546,-0.19813486751354442,-0.9086320966959021,-0.17075564574164276,-0.20663181193086308,-0.6636370795719394,-0.17299409128685045,-0.007148490413699801,-0.9981457539741431,-0.06044793551639884,-0.03368974846510799,-1.0998333916616507,-0.19099286759628614,-0.09220342576523148,-0.735510996030101,-0.2288186179430818,-0.13124616683417045,-0.5153699303391165,-0.22888843421319177,0.13194382610756056,-0.9134316849482614,-0.08424293248270642,0.11694570777895809,-1.0439087973065695,-0.22459774272614735,0.01565001144656156,-0.706573239015704,-0.23170909390471492,-0.062231902831959306,-0.4863699313533335,-0.19935095749802717,0.25513496652125406,-0.8061294553124793,-0.11015737726933168,0.36573473918815025,-1.1027895191732495,-0.20427649421013264,0.4441345432815283,-1.2861300192821703,-0.2335978860224298,0.4994555735787855,-1.493002927319844,-0.2363282719723653
0.0,0.0,0.0,-0.20502444957650087,-0.22810457349735483,-0.0657161433247866,-0.3348777357653849,-0.6389000777696319,-0.10273697980497941,-0.4257560679941061,-0.948775539494002,-0.146295700837968,-0.5285431742047754,-1.1458056587512973,-0.17102616911710203,-0.1546897499931291,-1.0238934526394667,-0.05051271144572899,-0.17877501813998237,-1.2451224099566187,-0.14212473790527275,-0.19785935406266852,-0.9121760971983902,-0.1704161095541034,-0.20564068341326622,-0.6673206501137527,-0.17245550201776091,-0.006445850001731646,-0.9981743201661719,-0.060053955561276115,-0.0326188948839908,-1.105266800265589,-0.1916842103642125,-0.09173529388431835,-0.7389587517453499,-0.2292033440187839,-0.1302605587305841,-0.5184788784380562,-0.22874151293156864,0.133081536213965,-0.9143042706692218,-0.0841103147943404,0.11916834966880752,-1.0518298150230543,-0.22504787415223199,0.018096452120005095,-0.7124884236146631,-0.23114188236002084,-0.05891496618777343,-0.4909832077136573,-0.19796824389733583,0.2568591533948358,-0.8081769053034277,-0.11042535075871703,0.3675744861758323,-1.1054779650189501,-0.20482210092686623,0.4455791133105071,-1.2887702562871401,-0.23402949150416344,0.5008075101476434,-1.496679216394555,-0.23668380950122309
0.0,0.0,0.0,-0.2051288015327041,-0.2273723194844119,-0.06703674766618944,-0.3363016579337644,-0.6357488542636986,-0.10483172623332852,-0.4284487153591238,-0.9448352198988715,-0.1485151277088807,-0.5300788125057203,-1.1448372170048031,-0.17269967128035488,-0.15399562976946848,-1.023580421694693,-0.05515865584565337,-0.17989426589311766,-1.2434330493017554,-0.14496591697996025,-0.19742072795071416,-0.911547549636597,-0.16957103232770493,-0.20495361387741604,-0.6652846499921153,-0.16899979412849284,-0.005437597589291952,-0.9979394360347834,-0.06393210882674925,-0.033181568115400274,-1.0977110047295686,-0.19475957204524397,-0.09118590758018583,-0.7312605775245647,-0.23090863304177855,-0.12939422524810412,-0.5118455525543517,-0.22972815503245964,0.13368137503415492,-0.91360728734103,-0.0868741325787126,0.11913017110548857,-1.045463485548125,-0.22736160986791565,0.018243888491124554,-0.7066621050141675,-0.23295176365284287,-0.05921599299696626,-0.4848884604715562,-0.19969423812832449,0.2559773849814393,-0.806231181701533,-0.11209760445816512,0.3658017197785188,-1.1025636661309113,-0.2071179982718422,0.44374574957756263,-1.2865039239080305,-0.23663258273341833,0.4991114624225856,-1.4930556670132367,-0.23933818747871208
0.0,0.0,0.0,-0.19021370583155892,-0.17456091516435732,-0.06968181520476102,-0.3068198090233192,-0.603000510622426,-0.09875532565376281,-0.367209396362037,-0.9484811087568014,-0.13509253424507717,-0.436426374484837,-1.1966418879026621,-0.15102958759643717,-0.13533907332690057,-1.0146810742099972,-0.002521092868101642,-0.14071163684832871,-1.3343921336878832,-0.10190551579596571,-0.17451158121772556,-1.0504541829782073,-0.14857800483183156,-0.1856496386355196,-0.7980288227123307,-0.15924105373014463,0.003579516394435141,-0.9999522793432399,-0.009089889913573183,-0.005139629906743269,-1.2886971943861951,-0.14457506291211425,-0.07238179916584227,-0.9460132506264688,-0.1893920151552535,-0.10437612108851642,-0.6810332715418654,-0.18302279708698138,0.1399754969779998,-0.934787165970567,-0.03591304311830946,0.13453173780025598,-1.2176490562442983,-0.1644706213562622,0.03153213055599457,-0.9230795433022478,-0.169207260632284,-0.03575066665915413,-0.6851374689687137,-0.13088283714068913,0.26874135394897514,-0.8416613128451248,-0.06819765541445472,0.378270454129794,-1.1653065127338225,-0.1462188627588926,0.43681649959614277,-1.3727611753812112,-0.17202834014717724,0.47742317433552184,-1.5943021307903997,-0.17138438704378964
0.0,0.0,0.0,-0.1894590916819078,-0.18191116753741265,-0.07052569785584444,-0.3061004760457308,-0.6033888834168009,-0.10127140168542258,-0.36821441956764467,-0.9439473033152604,-0.1388731594618004,-0.4320812332067287,-1.1965428140188232,-0.15588582461814873,-0.13682527007799322,-1.0148196326619239,-0.002436745809198175,-0.14151337989191756,-1.3265181332069904,-0.10195963410038997,-0.17416717592317035,-1.0446876928472502,-0.15041649946015462,-0.18575920809430463,-0.7917210200738717,-0.1623369783151538,0.0011450417197891986,-0.9999656458150064,-0.00820951090123371,-0.006956835560527351,-1.2787715674731222,-0.14299023960610546,-0.07347431206834203,-0.9384847366164173,-0.18806949886365415,-0.10722196832090242,-0.6735997015161722,-0.18222074996069,0.13685894211646796,-0.9340184774331294,-0.03428775985638134,0.1330530397105815,-1.2162717423902878,-0.16146145721189875,0.032766356845582593,-0.9252275740397956,-0.16587696782291414,-0.03423772872110402,-0.6880661713031577,-0.12784239206912776,0.2642656620039585,-0.8372071337620193,-0.06594660126648201,0.372490672248111,-1.156506664066547,-0.14303650258182413,0.43082122552700436,-1.3610948912526228,-0.1680341188648855,0.47058039891137016,-1.5808472728628806,-0.1668210235501933
0.0,0.0,0.0,-0.19410097209175173,-0.18205080387304906,-0.06612348805401404,-0.3092139110543075,-0.6052621947404624,-0.09427076076688433,-0.3702894545194898,-0.944766390401464,-0.13027490200477498,-0.43985081668968445,-1.185848175049682,-0.1461248357764052,-0.13910973389302464,-1.0152403314990301,0.0029587161146327544,-0.14819292214082347,-1.324555109556405,-0.09584490926965271,-0.17655145080998758,-1.0388168472500523,-0.14477257557678566,-0.1853433091720335,-0.7838495161028884,-0.15707430237593617,-0.002945966011931475,-0.9999851524650644,-0.004584335685636736,-0.01413991092050658,-1.2731047234445172,-0.13907614500986198,-0.0774778936230473,-0.9314725778835802,-0.1850338404388624,-0.1096729980925888,-0.6687090679576779,-0.17991912640324062,0.13130610471065068,-0.9352600574343585,-0.032262654218745294,0.12632426814628073,-1.2094576445090925,-0.1586126077509574,0.02720619957351722,-0.9200891252722727,-0.16422609287868742,-0.038868946803166174,-0.685858559875005,-0.12732830318612445,0.25779963074465406,-0.8414501148980083,-0.06522862174490127,0.3668628419550637,-1.1577681768548966,-0.14189014097149727,0.42644601226122847,-1.3623737404829355,-0.16756032760188114,0.4667912852001969,-1.5827499937657297,-0.16700838880562296
0.0,0.0,0.0,-0.19414399175255306,-0.17974055204553463,-0.06814782320584786,-0.31337092327450167,-0.6064413694225699,-0.09690369706168749,-0.37481259203715384,-0.9495399940609377,-0.1334316738243214,-0.4422490940002273,-1.1999985541872904,-0.14941244385834276,-0.139761444069135,-1.0155011768134026,-0.0014198293574692517,-0.14816186078126362,-1.3336084027548245,-0.1003450486973526,-0.1781064471727603,-1.0464025238998669,-0.1470809900303908,-0.18765825263663735,-0.7888778091060895,-0.15798654443228066,-0.002487577806915524,-0.9999609936341559,-0.008474854974915248,-0.01531819157388867,-1.2753761699185941,-0.14430028984439522,-0.07846324123546637,-0.9301012760136371,-0.1895679816864617,-0.10918788146245723,-0.662770197673797,-0.1840141689181693,0.13293693651379274,-0.9350800929473482,-0.03569632266181919,0.12591028556086317,-1.2118268334618418,-0.16497712415810262,0.027085866369373237,-0.9159032556219934,-0.1703723439652755,-0.03791065494522517,-0.6760708092927391,-0.1328196432574009,0.2613290188501819,-0.8431584179360055,-0.06815986099933502,0.36907144976420986,-1.1648170278105399,-0.1481295727739287,0.42929784937825927,-1.3721035199735314,-0.17518646172346192,0.471675121876083,-1.5943232833703918,-0.17522761544066615
0.0,0.0,0.0,-0.194905302636912,-0.17372062370452376,-0.06613114959051586,-0.3172094198882222,-0.602955609827794,-0.09369224516685813,-0.37518613250115085,-0.9485421261220132,-0.1288912472998134,-0.4401915132919699,-1.2004775623062744,-0.14348998941959212,-0.1402182515827773,-1.016379520086187,-0.004894197234619742,-0.14868918802684705,-1.3386300238352846,-0.10224312525294134,-0.17739629333188012,-1.053002397654641,-0.14683096745873647,-0.18675105115154275,-0.7965061187633383,-0.15659491748589688,-0.0015473149841873607,-0.9999165366477897,-0.012826751522868413,-0.013414697610320223,-1.278756677280675,-0.14668034900276916,-0.076022927744244,-0.9352595093115411,-0.19019912602843278,-0.10821433999732107,-0.6683031648544773,-0.18422493186775207,0.13424931941302617,-0.9346247876900481,-0.04024563606166389,0.12722103743630495,-1.2110764671923442,-0.1674696544882432,0.027233361643568186,-0.9129573572962262,-0.171103397151174,-0.04021010712807574,-0.6722410650756844,-0.13334818982356755,0.26259536085505625,-0.84214196611676,-0.07274918334091747,0.37047969195334124,-1.1650453429423007,-0.15152690816225992,0.4302445159794204,-1.374410886304706,-0.1776422536275072,0.4714066089894434,-1.597197692697307,-0.17760335592850218
0.0,0.0,0.0,-0.19293804034186693,-0.17099221569373763,-0.06653466070174648,-0.3159611760060478,-0.603935252344394,-0.09376290574190559,-0.37290898920986254,-0.9519710059673887,-0.12852912888828444,-0.43811686982418113,-1.2031832852337778,-0.14302424250476328,-0.13587449093896936,-1.018796778172726,-0.004387760807130789,-0.1432659572092779,-1.337781296708238,-0.1012736645876148,-0.1742614251903687,-1.0494958532833778,-0.1467412172899788,-0.18417551552616274,-0.7903615374583969,-0.15762858336672467,0.0015559659619603914,-0.9999298455653071,-0.011742355711975447,-0.010234441951953306,-1.2734633675680025,-0.1443273736586897,-0.0746741935855475,-0.9310664206796225,-0.1881582928479796,-0.10796989437144872,-0.6643037561468114,-0.1834021316191209,0.13703706975346278,-0.9332590323443843,-0.03859060586727016,0.12905455668349736,-1.2086528350228223,-0.1653903595853717,0.029129970481683403,-0.9102827884146041,-0.16918872648054323,-0.03719749845581655,-0.6683560688402418,-0.13217595430158086,0.2656638468964435,-0.8412910683099029,-0.07055815406722289,0.3745480379190777,-1.166082781054989,-0.1499683902977735,0.43810691921607964,-1.3741787855942675,-0.17657178786828065,0.4842365858645532,-1.5960903883157183,-0.17719737197275565
0.0,0.0,0.0,-0.19060133371178672,-0.17334660561003729,-0.06668297093853331,-0.31047989640123014,-0.6076379706195335,-0.09319751198266778,-0.3671950285556365,-0.9538786763662161,-0.12693903115313837,-0.43224765036512547,-1.2019592698351373,-0.14032701461536146,-0.1350551422353773,-1.0187702886396415,-0.005566419140404945,-0.14322141618119796,-1.3298403307752469,-0.10087310865194878,-0.17214132332467053,-1.0407824288389655,-0.14474199529441228,-0.18177690467186738,-0.7861622537394061,-0.1548282101883747,0.002128416343437316,-0.9999163390440287,-0.012758712970206077,-0.009654849076038592,-1.2662226778404855,-0.14449381597767924,-0.07285261813772427,-0.9243465896004356,-0.18749034904297374,-0.106590983648369,-0.6621250093184253,-0.18213297850011018,0.13710534304589275,-0.9321044258487301,-0.03927976253629689,0.13074622944975225,-1.2015135366822791,-0.16584456992293176,0.03215364250581064,-0.9034908946708002,-0.16925029599600125,-0.03457317324739131,-0.6635779105348472,-0.13179883882948326,0.26469128342641646,-0.8390475909397319,-0.07090687798605372,0.37349404973014194,-1.1584589381222696,-0.150372595586123,0.4386174470584456,-1.3622663922591365,-0.1764273222968532,0.4860400969777526,-1.5802282824653633,-0.17638239605782127
0.0,0.0,0.0,-0.19198353613692692,-0.17989854739635222,-0.06520413810760922,-0.31099464493516565,-0.6141759886117697,-0.09114368390785318,-0.3670360828911451,-0.9577724549316775,-0.12478562816595402,-0.43115600754551525,-1.2044893085011812,-0.13831152161947763,-0.1310724510393052,-1.0194350583335081,-0.004820077658661469,-0.13828951586492244,-1.3292497716636578,-0.09970685204505078,-0.1695963323960296,-1.0386406112053508,-0.14335598053481236,-0.18021102583519782,-0.7826101003437106,-0.15360921520998963,0.006014444069251278,-0.9999011350433934,-0.01271009840525306,-0.006164747730093067,-1.2672120792534334,-0.14508400592726578,-0.07111622499470004,-0.9255504135613044,-0.18854567368079433,-0.10507413004557203,-0.6609072157289824,-0.1835824816572412,0.14104667856061892,-0.9317287556352443,-0.039746407685123414,0.1338489521677979,-1.19989671791653,-0.1672087526705849,0.03363795929639222,-0.9020076905934259,-0.1715525284689126,-0.03335209513634535,-0.6612277358923571,-0.1347244457722653,0.26906212546107067,-0.8382228377944355,-0.0716870844317933,0.3803818034212902,-1.1571428894574913,-0.15233328551840739,0.44783138496997715,-1.3608914685805131,-0.17945292447616898,0.4979619639274256,-1.5788649010473808,-0.1802203467266565
0.0,0.0,0.0,-0.18851549770934498,-0.17841011552472336,-0.06550214145286792,-0.3054526503765361,-0.6132457573584057,-0.09141345632666985,-0.3608054307158946,-0.957059194834161,-0.12431687101342198,-0.42504333074395934,-1.2021624120754661,-0.13684346737386113,-0.1297850757644149,-1.0209373251869618,-0.007092266694122326,-0.13596853962414499,-1.3238338477594562,-0.10036083284726117,-0.1666689487821595,-1.0294959360260112,-0.1425376563881353,-0.17682655713421017,-0.7742895285742647,-0.152184773014212,0.007731950663356601,-0.9998699754293017,-0.014150942510907566,-0.00367279569412593,-1.2631478036326935,-0.14493199505443638,-0.06814771484335139,-0.9167865297334923,-0.18635824613206511,-0.10149278850165117,-0.6503896175745928,-0.18029569823935257,0.14337969963135888,-0.9283786422317878,-0.04015946518533681,0.13759498446601415,-1.1959091862548636,-0.16646674756736077,0.0351971965375266,-0.898794996267083,-0.16987555332758433,-0.0335139509734171,-0.658225829966357,-0.1328855959072495,0.2712897797424904,-0.8307692695520331,-0.07091081391723968,0.38484719413315477,-1.1472756645075093,-0.15104041953719666,0.45300863264094005,-1.3496833227529836,-0.17808106571713617,0.5034949443900979,-1.5667836886265651,-0.17912711391732108
0.0,0.0,0.0,-0.18820090621148852,-0.17690280733023708,-0.0669062433325998,-0.30451369277026397,-0.6136461123817522,-0.09412887801112411,-0.35903211873840835,-0.9566476431846525,-0.12830310145371726,-0.4219910926611181,-1.204531798843842,-0.14206425441451975,-0.12970945137650722,-1.0212807368922951,-0.01011127522141794,-0.13345666652724986,-1.324417403175821,-0.10477665762508198,-0.1663224463210159,-1.0290952600371328,-0.14717921782639706,-0.17867111120298532,-0.7724201459977721,-0.15685087108321055,0.007814333065952112,-0.999824822364514,-0.017007668344089025,-0.0027426482403401283,-1.2586830874444477,-0.14898727194609665,-0.06884638228587941,-0.9117301017282261,-0.1907796789246318,-0.10292182410761168,-0.6476428615448455,-0.18508485611236725,0.14376046275792126,-0.9265089251626073,-0.04291310238012693,0.13689310270003446,-1.1850319861277832,-0.17130977987319446,0.0322869895871103,-0.8823686162694043,-0.17485261270219435,-0.03713704243211125,-0.6408941107115739,-0.1376283121816618,0.27153244005349514,-0.8270341816453739,-0.0735360166634154,0.38590651701858086,-1.1424349277067767,-0.15548678184062367,0.45649117071328355,-1.3427438589310634,-0.18281577753557224,0.5100751688798123,-1.5588736260405973,-0.18387538416328664
0.0,0.0,0.0,-0.18919030044524285,-0.17661608167370513,-0.06729869970967267,-0.30674287109923454,-0.6145496326305578,-0.09425479055707346,-0.3626745237545536,-0.9582067820891691,-0.12825066854699954,-0.4252301971114165,-1.2065059524865624,-0.1419594430685869,-0.1260481940981501,-1.022642331201481,-0.010766355449241273,-0.13042090929560904,-1.3257226349175968,-0.10528704335600343,-0.1656087905514308,-1.0262583034548425,-0.14783173693438978,-0.1776516346595334,-0.7712534282406778,-0.15831188499174775,0.010887475074327252,-0.9997842820162255,-0.017687631831494594,0.0011654487965391618,-1.2543495464449463,-0.14935948663781654,-0.06751805467600425,-0.9063209179861962,-0.19100036545055293,-0.10243834675807753,-0.6478389049869262,-0.18612424455402587,0.14629615528019022,-0.9243711105173215,-0.04369216573501333,0.1417735749306959,-1.1810389564033101,-0.1726934480182808,0.03588300451811788,-0.877253544754236,-0.17609287178339825,-0.03383415009822291,-0.6382342223624451,-0.13928767595100677,0.27399362678754197,-0.8240209863091786,-0.07450729910546623,0.3916533662399752,-1.1396982358091017,-0.15795870104009582,0.46401141870043194,-1.3387068908309978,-0.18607783960847177,0.5197553595473006,-1.553883865694438,-0.18784320070063482
0.0,0.0,0.0,-0.189294690473903,-0.18462365274469733,-0.06486316628230927,-0.30530634930638423,-0.6239848786000154,-0.09166482862410694,-0.36065131040875137,-0.9646562342384741,-0.12608668658182032,-0.4247875805551881,-1.2091254127534623,-0.14053837917056328,-0.1237482724740485,-1.025755561878838,-0.010764878327381582,-0.12828505555654943,-1.3268951816945918,-0.10570819888384936,-0.1634597729931886,-1.027381408405457,-0.14895213257550224,-0.17595834965081875,-0.7725175449068344,-0.15963289088736396,0.012648949446947728,-0.9997401212008596,-0.01896560410793628,0.003980043474132162,-1.2514852189164982,-0.15056568901837908,-0.0666107842879246,-0.9094002073582885,-0.19260044202153062,-0.10394874608841624,-0.6526378162850787,-0.1883559424927931,0.14790462762053933,-0.9222018050970403,-0.045885428138423646,0.14321728212351362,-1.176974648496202,-0.17482004484227118,0.03648483799325354,-0.8746273057357274,-0.1782315563904612,-0.03336038345405322,-0.635404298203413,-0.14152198882351283,0.2750909947265136,-0.8199579792466498,-0.07740427824423173,0.39540496507278056,-1.1353191103527445,-0.1603464623936709,0.4696749011051271,-1.334522097153788,-0.18784492626251287,0.5275079345512975,-1.549528353911115,-0.1892790261499163
0.0,0.0,0.0,-0.18969730041648397,-0.18557791852902703,-0.06748442512918654,-0.3027893581851247,-0.6227005744051036,-0.09548871537244265,-0.3566065909451402,-0.9630722979362973,-0.13067399939855032,-0.41862415373183987,-1.2118158932800214,-0.14583614840028203,-0.12357957261644215,-1.0235461051691062,-0.010934933645574269,-0.1268276011433005,-1.3174758249847542,-0.10713328150771029,-0.1613746423828605,-1.0180606296129573,-0.15159411028234462,-0.17430213504106462,-0.7619733623464715,-0.1627429116805679,0.01315112432069721,-0.9997526006033293,-0.01793838108586013,0.004970387969581024,-1.2466211377154086,-0.15035536372979957,-0.06504440886051098,-0.9028724253599879,-0.19313651760133516,-0.10190293861492163,-0.6454488317396154,-0.18910049126036035,0.14803153772174169,-0.9221109655583719,-0.044023274163966855,0.1461942538357833,-1.1737455700520172,-0.17390222819434545,0.03956113817771593,-0.8696730145179116,-0.1771454760527659,-0.030988716715965262,-0.6306887652136183,-0.13981421355013968,0.27447725059219175,-0.8179295085557574,-0.07493114047436171,0.39491844390466596,-1.1292927954084457,-0.15858020940103473,0.4699710761644675,-1.3269816778465235,-0.18582467362632615,0.5285199931734417,-1.5426856261643416,-0.18659359586687277
0.0,0.0,0.0,-0.1890416516514107,-0.18665352265882681,-0.06985242412936638,-0.3014096341753155,-0.620525568735041,-0.0994700578922701,-0.3571776739066144,-0.9614403886030519,-0.1362882203305535,-0.42023091562843207,-1.2119935198141376,-0.15293314712031095,-0.1233659300632614,-1.0232946500377609,-0.010776006218380553,-0.12776405029328963,-1.319780174365649,-0.10881663058771282,-0.16114321528384656,-1.0199161782644666,-0.15432558031958815,-0.17301295941767741,-0.7644899858028973,-0.1657296241743549,0.014308543585603439,-0.9997463104053222,-0.017394838642656167,0.007033173176718275,-1.2515327379047956,-0.15345282656392117,-0.06393023771042511,-0.9052294550260459,-0.19782764663369418,-0.10282681068622339,-0.6436993629210139,-0.19339991349071656,0.14980702352251765,-0.92290663880331,-0.04357554585288309,0.1475081350401467,-1.1752673630184016,-0.17677932931894622,0.04064489288668605,-0.868191240047881,-0.18105252228812022,-0.030802912464791114,-0.6264566594244051,-0.14285666220620524,0.2765442407417258,-0.8192384716119011,-0.07472543220422809,0.3967449687255915,-1.129683518377399,-0.1601180598880838,0.47260866678158847,-1.327839613409816,-0.18802516979040648,0.5316512849379572,-1.544969053909677,-0.18852249183924408
0.0,0.0,0.0,-0.19009083223860598,-0.18776348849609462,-0.06870604300541737,-0.3022544665684798,-0.6226594118969,-0.09751630073403468,-0.3576859018344996,-0.9633419384123618,-0.13379382575955892,-0.42110474068187853,-1.2127044840425976,-0.15031264549832765,-0.12283531298192224,-1.022693464299921,-0.010032837532458198,-0.12848107663229397,-1.316550576981734,-0.1065738473973064,-0.16106445708792236,-1.0189722895193634,-0.15108512489435394,-0.1731880036226252,-0.7619120511470853,-0.1621350016383977,0.015051898253679202,-0.9997419278073816,-0.017015232673730413,0.005651444255064214,-1.2469375121009239,-0.151903143804665,-0.06347734907571154,-0.9008005636364822,-0.19690617231459204,-0.10146980131952475,-0.638592939998853,-0.19369296193947375,0.15085527433458717,-0.9235718356067801,-0.043295849083873496,0.14794207089479078,-1.174479505713372,-0.1762642276748999,0.04106262972661195,-0.8690005385679476,-0.1824766671471264,-0.03111002095188736,-0.6278903020512305,-0.14617115330889857,0.2780335989574044,-0.8210179855584394,-0.07427465694330927,0.3990774385728065,-1.1316821139904198,-0.1603278711051938,0.47615415528232863,-1.3297297692217904,-0.18971660966229245,0.5359716801081614,-1.54585329793814,-0.19159348145268973
0.0,0.0,0.0,-0.18940690137187488,-0.18842688123649595,-0.06858915625770724,-0.30181840641214525,-0.6208901211964535,-0.0978322123445092,-0.3575449266279937,-0.9603558224252081,-0.13459261068321102,-0.4204680620015867,-1.2098401514652055,-0.15142555082949663,-0.12230662634543148,-1.0231739218765161,-0.010681415266883364,-0.127357615709965,-1.3168116276988158,-0.10787847050949284,-0.16075828266231135,-1.0154175248143167,-0.1526666008311481,-0.17286114371292577,-0.7588108904589834,-0.16383111103778514,0.015631916772534605,-0.9997198069599547,-0.017775003515257886,0.005453359198237257,-1.244797259811411,-0.1531986819928221,-0.06376238279224616,-0.8963706991893046,-0.19807657973860843,-0.10141137936097176,-0.6350619346532643,-0.19469815271442048,0.15142322688695775,-0.9232502520322646,-0.04417535950710044,0.1476905281617956,-1.1720440478802105,-0.17747989570876252,0.04131967588342966,-0.8654358710533727,-0.1833739141633186,-0.03035585424927727,-0.6251051721047821,-0.14675443035401892,0.2786603963638075,-0.8206650418782324,-0.07525229576246029,0.39944981615583736,-1.1312168401508604,-0.16108538126914318,0.47648359645184124,-1.3288110600374772,-0.1901627351524889,0.5357633750863741,-1.5446690508861598,-0.1918069585930101
0.0,0.0,0.0,-0.18722057098409892,-0.1892072326027121,-0.06727582556787025,-0.29946403115170106,-0.6208946105410079,-0.09634275491927731,-0.35609434736374684,-0.9578078068838726,-0.13315288333653091,-0.4197070978463913,-1.2051406761883445,-0.15016414462075173,-0.12057760083500318,-1.0239486931175916,-0.011238999718808896,-0.12632329537110423,-1.3151281511956394,-0.10820589505490213,-0.1605575403563763,-1.014248899277961,-0.15257519342271678,-0.17328981550171654,-0.757700603875044,-0.16336556855976742,0.017188081424370002,-0.9996779114154982,-0.018671991990584835,0.005460351049659507,-1.2389331476384655,-0.15339520256510208,-0.06370811627137594,-0.8903608239783967,-0.19782661355692624,-0.10128883347940631,-0.6306556571105548,-0.19442515522969678,0.15280313321889213,-0.9226329084370221,-0.04511392823931554,0.1480474712681791,-1.1663340562672633,-0.17818783396734142,0.04264226586844925,-0.8588808786700445,-0.18400268519139237,-0.02833475897959616,-0.6192699996736855,-0.14739307111933161,0.279880119872876,-0.8200686988857863,-0.07602067167904665,0.39996166783052506,-1.130200693949674,-0.16151825690171415,0.47679068425981885,-1.3264527443725307,-0.1902325354399984,0.53585772830291,-1.5401327984510913,-0.1915808847160265
0.0,0.0,0.0,-0.18786785816234056,-0.1882131910223545,-0.0662301197244,-0.3012837038036584,-0.6228064000528795,-0.09473466971720075,-0.3575001443010432,-0.9614334347425667,-0.1310949770824215,-0.4221842105811646,-1.2074336431240116,-0.1477893740498454,-0.12126345481614063,-1.0241170949628802,-0.011350137441954617,-0.12666914807985022,-1.3175546967727743,-0.10790485347533087,-0.16156283875184144,-1.0185765089944407,-0.15204707811596027,-0.17507396335018238,-0.7613730470103836,-0.16265631398391686,0.016166966020935803,-0.9996866319938097,-0.019111960196464585,0.004209368298576773,-1.2421796300522763,-0.15321577927825647,-0.06526018623970818,-0.8951331051749061,-0.19719614680303238,-0.10320365778344272,-0.6348459507452909,-0.19349881971935487,0.15159321284555824,-0.922682114151511,-0.04566952368935473,0.14682298479561132,-1.1682947886033057,-0.17800736518389845,0.041656788876453875,-0.8609790636073419,-0.18336732492236615,-0.02909349276623626,-0.6207519238726001,-0.14656464814164272,0.2788023085395928,-0.8204443710288929,-0.07662441744360132,0.39916277350409857,-1.1313296659641279,-0.16147183451991517,0.476246418351965,-1.3282347701504773,-0.18977913219169323,0.5356483802151685,-1.5422995074823742,-0.19094460704453622
0.0,0.0,0.0,-0.18618076071049816,-0.1882551441830031,-0.06562610414416799,-0.2991117244764561,-0.6225343880042189,-0.09397656028089825,-0.3554527659253132,-0.9601953698657943,-0.13007644921754272,-0.41980446044478587,-1.2059856381213714,-0.14644663300443697,-0.11928259916685183,-1.0240674560907943,-0.011519405739454928,-0.12398669213080019,-1.3158165959706332,-0.10715378994135041,-0.15956536917545294,-1.014641587017308,-0.15046150655717738,-0.17287080752013434,-0.7580617781735819,-0.1608615241311109,0.017868442381053902,-0.9996536161816423,-0.019322691889089572,0.006664852820112215,-1.2399830845250392,-0.15221091519983265,-0.06340009673261619,-0.8924612093966187,-0.19542812326861972,-0.10118164223315296,-0.6336106212932021,-0.1917317697272924,0.15330609999247874,-0.9217121420987805,-0.045773648688074126,0.14849158142788102,-1.1669159507120672,-0.17745930787300623,0.04268259860738098,-0.8591516185445255,-0.18235656333621653,-0.028185241002538962,-0.6197077183698796,-0.14571108939534164,0.2807432629360735,-0.8178328795703775,-0.0765035137406703,0.40108290034832345,-1.1284277378029457,-0.16141132416705267,0.47852473150899677,-1.3234011604799696,-0.1896360818267235,0.5383596051010567,-1.5363579659843793,-0.1909408722289448
0.0,0.0,0.0,-0.18598860701368114,-0.18990945491796024,-0.06707543846287457,-0.29788478677934,-0.6233057792237839,-0.09610398425349757,-0.3531398031742074,-0.9620841538594572,-0.13248176223244987,-0.4191372709602718,-1.207674078082442,-0.1492776043597426,-0.11860865185987439,-1.0240137325612213,-0.013747542999217004,-0.12364896452334483,-1.310145077730125,-0.1100773007877934,-0.1582365783019602,-1.0063245003160686,-0.15412128346052356,-0.17099659983459667,-0.7499334771348714,-0.16529823121671142,0.019707834583771698,-0.9995838773896857,-0.021063554273210407,0.008276907673866636,-1.2351040612741675,-0.1536480797013025,-0.061329027615525715,-0.8861917624026497,-0.1968206885528302,-0.09868236681848347,-0.6285915671437544,-0.19398311985889385,0.15568855264637924,-0.9200224941403903,-0.04723223356491777,0.1509526443147459,-1.1620756416459668,-0.17918690171753382,0.04293546154954391,-0.8566945697687628,-0.1846363984560712,-0.030092676570335205,-0.6193744216754957,-0.14898089458869793,0.2831894893713002,-0.8146644389817234,-0.07778905284537012,0.4044028438955193,-1.1255291991290346,-0.16313573120766334,0.48169977420526694,-1.3204577597502325,-0.1920496385990412,0.5407604077647414,-1.5331553133077243,-0.19436371910979744
0.0,0.0,0.0,-0.18594039070793744,-0.1919022302647823,-0.06678506074319826,-0.297418221118535,-0.6232042010322805,-0.09610241822402145,-0.35270556402373193,-0.9595266808457297,-0.1329632877037491,-0.4178530306675105,-1.2044642862493837,-0.150325351566187,-0.1170175663382608,-1.026346845381744,-0.013966676467029813,-0.12467436900536981,-1.3106007095651782,-0.11154052284591903,-0.1611214083022159,-1.0070704054437731,-0.1565106384896764,-0.17442178888023097,-0.7518243782982046,-0.16784710755961182,0.01909401483227381,-0.9995898534941682,-0.021343462443852705,0.00592685135708555,-1.2328530005439153,-0.1554780539218472,-0.06567004440809782,-0.8844182421228868,-0.19868415387526733,-0.10349453357995934,-0.6282767415866873,-0.19509082366188704,0.15318526134505012,-0.9180248757483651,-0.047571402522292354,0.1488920034216456,-1.1577710368492324,-0.18082361341151285,0.0410742754906802,-0.8500729271463406,-0.18545276740774017,-0.030365266926922627,-0.6119533431289352,-0.14831061829468695,0.27870851517559586,-0.8106954857926497,-0.07821444967786875,0.3993959133324593,-1.1184999633648633,-0.1647032681291017,0.4771127504127581,-1.3123739751438876,-0.19334647713999736,0.538187178978676,-1.5243230406006987,-0.1945752271660358
0.0,0.0,0.0,-0.18556560744511982,-0.19155253833925534,-0.06762152808209376,-0.2967018325156773,-0.6253879011369772,-0.0970228924177114,-0.35381824075588314,-0.9627971136977655,-0.1336375897221848,-0.4200629842184534,-1.2074655229281108,-0.15024402210399995,-0.11898561085261805,-1.026825023963926,-0.015587265433456595,-0.12468097652469341,-1.3114352435920051,-0.11236276219361661,-0.16023205843047703,-1.00472569264402,-0.15561087299030313,-0.1732596800566761,-0.7503023173410692,-0.16580984320814238,0.01834179623946523,-0.9995763320694617,-0.022599444180581532,0.006522060890122453,-1.2328799789481033,-0.15595001678155798,-0.06464235350261777,-0.8841476294242271,-0.19782167722766983,-0.10239283094201271,-0.6300799449420147,-0.19341183527602585,0.1533162438642605,-0.9174301276504571,-0.04846627307628228,0.14947039545932425,-1.155983542291061,-0.1815084389893725,0.041947329121306484,-0.8488714250847073,-0.18574824029101275,-0.029735527611624294,-0.6119719633854491,-0.14839886425256044,0.27960729792067773,-0.810315065121573,-0.07874932923714671,0.4000122970247397,-1.1201204574724104,-0.16467065288513325,0.4774835202980043,-1.3146413360241636,-0.19290290864967424,0.5377696456307677,-1.5261333730190736,-0.19397928588625885
0.0,0.0,0.0,-0.18618346001663932,-0.1933137546897336,-0.06793086439652406,-0.29664834209659074,-0.6293177292410881,-0.09739168378148859,-0.3542842653713069,-0.9659408767882058,-0.13418093258179456,-0.4215610381618527,-1.2096245315961898,-0.15091948129872707,-0.11939923060286181,-1.0264196880200909,-0.01597288181162807,-0.12475295480252412,-1.3114003519424613,-0.11361675415214174,-0.1604395093378511,-1.003554456867682,-0.15733353151227447,-0.17396902211223772,-0.7482417694522705,-0.16762944449022243,0.017845622265648477,-0.9995735882883551,-0.023112234039439402,0.0059319069028425965,-1.234178255097714,-0.1573629729619761,-0.0651935703805959,-0.8858989667664623,-0.1993930636214417,-0.10273586252132827,-0.6317484603524142,-0.1948253241214,0.15307002487028734,-0.917358709333796,-0.049194916745912635,0.14881544812615174,-1.1559001587603643,-0.1829891226669881,0.04191805838073249,-0.8475725072995477,-0.18708517754733806,-0.028691706945845972,-0.6096897209070048,-0.14935074799670514,0.27986650471685526,-0.8100416587489822,-0.07975894629541289,0.40103311340104786,-1.120398202466416,-0.16581245797651908,0.4785071568293028,-1.3157419750117998,-0.1938361453463796,0.539024988827658,-1.5276623507132725,-0.1946917999361344
0.0,0.0,0.0,-0.1856280366183237,-0.1956079921091765,-0.06944717745230204,-0.29477149023556404,-0.6274590685266703,-0.10019998608723896,-0.35282874995130936,-0.9647322882751914,-0.1380969285423438,-0.4208296002628435,-1.2092013561589479,-0.1559460429487035,-0.12210072616262456,-1.0247469565932075,-0.017874667681044946,-0.1259578481589763,-1.3134598861720579,-0.11605122772353237,-0.15995648795813813,-1.0053175784216606,-0.15994187070920612,-0.17330475360006348,-0.7464230171000771,-0.17011903763033187,0.01603494543435587,-0.9995760595115777,-0.024301888326304595,0.0066325058222201205,-1.23574077606154,-0.15867430275680805,-0.06450869279174225,-0.8872934791516917,-0.2008677646111878,-0.10332610403450453,-0.6285907966820996,-0.19657202043254407,0.1521821056376802,-0.9186009287838414,-0.049752303833216646,0.1474623745026004,-1.158930976259897,-0.18341283815003112,0.04092695102102422,-0.8518716282397656,-0.18842951402416572,-0.029472478906541724,-0.6117445476198813,-0.15156651621305345,0.2796069531293169,-0.8121880371450648,-0.07975181531130968,0.4027315343219611,-1.1219081303037828,-0.16593084944138495,0.48034944290280474,-1.317834103820961,-0.19477389617845284,0.5405405796263252,-1.529425923785902,-0.19643843582286605
0.0,0.0,0.0,-0.18820813240633072,-0.19581193687925696,-0.07167620907432912,-0.29689968981819775,-0.6278987987648403,-0.10305412776388015,-0.3565150109641774,-0.9661376011780712,-0.14122120547278755,-0.42474038134090897,-1.2139235146033716,-0.1586794696962211,-0.12305032669384834,-1.0262550568048845,-0.018781492407336908,-0.12513469755545353,-1.316448706290331,-0.11711683340007488,-0.16111921439009694,-1.003369692158462,-0.15955827560182836,-0.17495976056538326,-0.7484953748009897,-0.1688820459127363,0.014979545617851647,-0.9995895236797415,-0.024421248182481235,0.005609003037169584,-1.2351755544254976,-0.16005394170238138,-0.06689067302895092,-0.8832315008310668,-0.20175912933921955,-0.10450851468789091,-0.6307712300370624,-0.1967533909683971,0.15100821867766293,-0.9178786859230518,-0.04941581345026778,0.1483967806694155,-1.1587050925941345,-0.1851133172004062,0.041126667465236987,-0.8487818953549242,-0.189526775390667,-0.02898492964406927,-0.6116982111210831,-0.15166731032651984,0.27834884560123035,-0.811077495007139,-0.0790561076236712,0.4014302205204254,-1.1208533543042498,-0.16694828246544524,0.4793930670501175,-1.3153002982946302,-0.1960399403841436,0.5403469430506633,-1.5268288468443623,-0.1973477175092657
0.0,0.0,0.0,-0.18067654942020045,-0.270114418804836,-0.07385873463694517,-0.2737110149224984,-0.6558364305219051,-0.12076752233749938,-0.3362540087529189,-0.9556633277127546,-0.16926236697462818,-0.4251318393059593,-1.1918597273718374,-0.20315558549034088,-0.05561837974330345,-1.0502466267727084,-0.078369987188379,-0.14741377839947656,-1.1187948054531809,-0.16068724908531143,-0.18014091862613044,-0.7983502953882271,-0.1945771922577533,-0.20178779690616264,-0.545005095717424,-0.20078674955436157,0.0775872287536294,-0.9936167492390285,-0.08189003337401482,-0.019004887688809285,-0.9521957711464195,-0.19120477768327832,-0.08435525451177138,-0.6023201930104469,-0.23351530311407065,-0.13298306462538087,-0.36517223882961525,-0.2435324918307293,0.19344536299222262,-0.8493566328644803,-0.09507782728687089,0.12216402252153656,-0.86371322517168,-0.21598046127355341,0.016120073018384896,-0.550646403390402,-0.22427766852972641,-0.05958001959865669,-0.33094552979751585,-0.19826300782875864,0.2847798804692462,-0.681866166775462,-0.11081584048625723,0.3859782961110822,-0.9402882382514763,-0.1949996218042577,0.47581315504722815,-1.1026122765740702,-0.21578109157733544,0.5462176008756539,-1.2742761581381445,-0.21326553820990957
0.0,0.0,0.0,-0.1801454578558151,-0.2686106127838179,-0.07233236147968419,-0.2722679192694863,-0.6564456263078313,-0.11729176643056548,-0.33365266885236505,-0.9565394537991826,-0.16354877172760035,-0.42176153426992735,-1.1888200153759203,-0.19493879857554108,-0.05801236792548977,-1.0495804907913446,-0.0764282504310564,-0.1448909489346228,-1.1184020275458186,-0.15612188395861168,-0.1758646447268758,-0.79832395344788,-0.18824515622074012,-0.19592648485321942,-0.5487232191039851,-0.19385268951159018,0.07533405341034848,-0.9939701406093193,-0.07967521555576021,-0.015892434206962652,-0.9539970202596454,-0.18552980570039287,-0.08066914179395795,-0.6068156720842692,-0.22564414269668745,-0.12889244652175477,-0.3748936246028274,-0.2345884420413916,0.19095035548187697,-0.8500638819150899,-0.09239972413793134,0.12500066879232746,-0.8632521107718308,-0.2109023527603308,0.020912343408259353,-0.5504690732985015,-0.21775970231464054,-0.05365965621402401,-0.33293581862856164,-0.19114490257975128,0.28205991891918836,-0.6822547258997925,-0.10754213399943445,0.3823830009604042,-0.9377682288225466,-0.19027391087131734,0.4707112994281029,-1.0980905000153052,-0.21009498417876124,0.5405799927657098,-1.2683914580188307,-0.20693894339855967
0.0,0.0,0.0,-0.1851002541758156,-0.267458837946156,-0.0727053637621167,-0.28204185706773494,-0.659519326315824,-0.11776926233119521,-0.3479286334381236,-0.9623565274976993,-0.1645945917120672,-0.4334048010860892,-1.1987039758909044,-0.1962037064816046,-0.07040103202385338,-1.0545158348580934,-0.07482682302780923,-0.15316072382950596,-1.1313478297459596,-0.15636706142559684,-0.18529686509753132,-0.807002535866518,-0.18754256027978505,-0.20681193752814148,-0.5512179812803292,-0.19139124853228262,0.06689883766174692,-0.9946681591965415,-0.07848438443455412,-0.020349638304054524,-0.9722117292638485,-0.1890975790836892,-0.08897092904760978,-0.6208131713982108,-0.22984898840565338,-0.14179354872346822,-0.38140343311642927,-0.23722631695682292,0.18688135514436902,-0.8528789614754902,-0.0921685476427636,0.12109709926842967,-0.8710831930044558,-0.21546194568460433,0.011883856643050016,-0.5547867097210615,-0.22425090258242167,-0.0685638212532981,-0.3346392217226328,-0.19694904226021573,0.28282929785931843,-0.6883267694431187,-0.10799135884235964,0.3821585133275367,-0.9454197067144365,-0.19218988409050136,0.4696562654734756,-1.1058067203914197,-0.21305962581367735,0.5370725098393043,-1.2781878161060154,-0.2101817096525189
0.0,0.0,0.0,-0.18653897396165683,-0.2680847354304433,-0.07363275900308665,-0.2840605543237436,-0.6558818976037963,-0.12012712512986609,-0.35023946265179406,-0.9561826280467597,-0.1675863168317638,-0.4393007039643171,-1.1894571816213204,-0.19978119367818506,-0.07178424380689363,-1.0515850838468148,-0.08373939016657946,-0.15916483768691486,-1.1226238257514936,-0.1624593458300253,-0.19029480746122282,-0.7992497569657698,-0.190090917202089,-0.21104839299013797,-0.5452434963277631,-0.1929175967843182,0.06503786918911479,-0.9940496218913637,-0.08738091776226983,-0.026486378955969496,-0.9607064773881105,-0.19666625850474692,-0.09230769692931648,-0.6101377483701045,-0.23700449764971865,-0.14107416098625958,-0.3710716654051756,-0.2457621024054201,0.18313746266427605,-0.8536933650749429,-0.10002988221727778,0.11526138457710387,-0.8621184807029212,-0.2216379168550258,0.005750859047919014,-0.5473541781624559,-0.2309586651415254,-0.07413658736390691,-0.32778843501771393,-0.2058898473403399,0.27604087117205506,-0.6892205030063296,-0.11482493349259268,0.3751060181249066,-0.9456003501927182,-0.2006291657791488,0.4620472270552542,-1.1071605621114697,-0.22348251660552568,0.5294850095769255,-1.2767587043668032,-0.22266300466607492
0.0,0.0,0.0,-0.18449868147082196,-0.2677978828713021,-0.07450863377585175,-0.28145165988440557,-0.6552363499536575,-0.12140873139374891,-0.34620994737213984,-0.9553402675001392,-0.1691290412425788,-0.43395872108476363,-1.1899209314898744,-0.20167403131943595,-0.06173202613766585,-1.0496820261088742,-0.0850438946490283,-0.15217330240852378,-1.115984413454776,-0.1644776243277544,-0.1850115347762609,-0.7944612643385137,-0.19309895058874385,-0.20735539172282116,-0.5439131256538329,-0.19692448477887634,0.07326436869676756,-0.9933477197083179,-0.08884053145805144,-0.02124849237831181,-0.9556178095049952,-0.19853737981658534,-0.08766186019866856,-0.6077430641973142,-0.23975838427781482,-0.13592928471462976,-0.36976677912788064,-0.24967855834895844,0.19051914516319893,-0.8536638075183107,-0.10172185553400614,0.11983402808223902,-0.8635821198057175,-0.22380914144068165,0.010649402974281916,-0.5501452877798876,-0.23349028064376873,-0.0684320863033206,-0.32888981867839706,-0.20914727664816035,0.283680805338983,-0.6893044494122844,-0.11692697519810692,0.3804844777787501,-0.947045612268627,-0.20418364768255276,0.4678582610011743,-1.1081754567317619,-0.22774100164592703,0.5363833456726141,-1.2755638915681413,-0.22750705262612703
0.0,0.0,0.0,-0.180937585758251,-0.26154643085853635,-0.07426610777824981,-0.2761435609931342,-0.6417540712389356,-0.12019244269713768,-0.3400169420548856,-0.93811064239736,-0.16623341415575887,-0.4282679135031755,-1.1705939209609522,-0.19716273187772634,-0.06387983914685286,-1.0471323194695645,-0.08143641792944135,-0.1525202419734526,-1.098269029707453,-0.15885320518040505,-0.18173078015578073,-0.7823876325481802,-0.18917408060722302,-0.2019680302569312,-0.534908680379003,-0.19425752248472192,0.06960948763563392,-0.9940307589562872,-0.08400815127052874,-0.0247144724148447,-0.9335291175859312,-0.18775069211078596,-0.0856444706079577,-0.5894099644878319,-0.22750832275009528,-0.13090538500655008,-0.355739990670117,-0.23708880353118875,0.18483941922948108,-0.8502920087831909,-0.0956856463751104,0.11532034478526758,-0.8465111095905046,-0.2122539276393155,0.012602820375116144,-0.5396482071081194,-0.22048360703117392,-0.06188597172196716,-0.324173224561868,-0.19597327203237874,0.27552809663627337,-0.6802382426931187,-0.10990502276473256,0.37093170696864497,-0.9328224438353772,-0.1931673004059847,0.45735521726706074,-1.0932547247273077,-0.21418281611205026,0.5248839629631564,-1.2608473411252898,-0.21221097695004484
0.0,0.0,0.0,-0.18439918503882125,-0.26464725143528167,-0.0742964246442598,-0.28027977654595393,-0.6453231955171641,-0.11908371549546512,-0.34492568227783504,-0.9447257166138463,-0.16488689074199928,-0.4330611138988551,-1.1761136593682597,-0.19525054655793875,-0.071941297825573,-1.0451752222823545,-0.07486304769229152,-0.15741365176535635,-1.1139577272612966,-0.15386323886948902,-0.18503808504092353,-0.7912014743525773,-0.18462015210658314,-0.20224715712542454,-0.5419122213789809,-0.1891196665900299,0.060900571517466494,-0.9952012210029324,-0.07658753229552691,-0.028628953264935274,-0.9518215581981707,-0.1831650851784503,-0.08942890359740167,-0.6019285731025971,-0.22251325557796028,-0.13464592704932418,-0.3702439314203782,-0.23033730959673668,0.17731429602596138,-0.8564955407973925,-0.08825640082085712,0.11553377888887469,-0.869489564728651,-0.2084821656014774,0.015982027899278755,-0.5528049544043705,-0.21524678094429386,-0.055870046539241075,-0.3334669773481441,-0.18754692630262484,0.2701766081642774,-0.6927975172343539,-0.10252634367443257,0.3675716820736061,-0.9454403941632362,-0.18604113694749583,0.45385693052477505,-1.1044170580173593,-0.20626242218999213,0.5216902126434508,-1.2726694813584505,-0.20277805747817843
0.0,0.0,0.0,-0.18289531439829682,-0.2676263771720749,-0.06872996932839816,-0.27561397924672326,-0.6547876579945167,-0.11058842176202405,-0.34291894907160525,-0.9539505957326584,-0.15490498644082595,-0.4332188380632814,-1.180026265905824,-0.1842648774553057,-0.06332946634660316,-1.0456046834815274,-0.06940693977198899,-0.1512659206282496,-1.1156158084728724,-0.14697950861536294,-0.18180006197916312,-0.7956996716327477,-0.1761784999546831,-0.200642601263573,-0.5514204416390907,-0.17976719841637734,0.06581327029309815,-0.9950603674361406,-0.07432010906329702,-0.025333867437513095,-0.9546656356380989,-0.17985480694969883,-0.09021306528012739,-0.6116708952067224,-0.21923686079084292,-0.13785578311414934,-0.3859918515340407,-0.2273186863251834,0.18156039983323527,-0.8574537540231094,-0.08875290298254877,0.11602661578516378,-0.8727399295028635,-0.2095976573540765,0.016222759359910917,-0.5558079092776415,-0.21702476214208447,-0.0529764562957535,-0.33736160367506896,-0.1895615386941432,0.2745738885864764,-0.6967952658060594,-0.10531600030422585,0.37245183722828495,-0.9510925887649019,-0.18952911434318775,0.45722729849092314,-1.1125293510987992,-0.21005534298848272,0.5242530511525291,-1.2841214380907224,-0.20676566162221777
0.0,0.0,0.0,-0.18333930523261477,-0.2645898371274335,-0.06870250582779984,-0.2791988884832623,-0.6521285237245825,-0.1121475014496257,-0.34729260423323005,-0.9528910403880619,-0.15908294682203786,-0.43972998826595994,-1.1840546181425355,-0.19175224366543325,-0.07057391715331614,-1.0451710136716401,-0.06683876324303314,-0.15122413214002367,-1.1344197108920424,-0.14877325078122036,-0.1855370260576829,-0.817556714851898,-0.18368466869581718,-0.2079598812232578,-0.5664957971666427,-0.19029578312239026,0.06194455573609655,-0.9954553454796208,-0.07232929676629399,-0.025729485841602305,-0.9644884577649097,-0.1816724742078586,-0.0895335531204922,-0.6142680866842836,-0.22386830750370296,-0.13628134806994585,-0.37878745289939064,-0.23253839198617754,0.1808776496110875,-0.86133937731472,-0.08793860413001743,0.11801128629580332,-0.8845354910878512,-0.21058342953782855,0.017503380980828123,-0.5599329657237763,-0.21818740564118222,-0.05381711808895197,-0.33341131493645065,-0.18970708016755006,0.27708165452412725,-0.7050368071457686,-0.10572931340118438,0.37660855193173703,-0.9641096852948093,-0.18914862830633308,0.4631347649242116,-1.1291998498569122,-0.20847078634488317,0.53060103028232,-1.3059904842189871,-0.20402564565380757
0.0,0.0,0.0,-0.18183761613475644,-0.2604485954817708,-0.07106404659323758,-0.2803652718556211,-0.6463762149195602,-0.11489394019892846,-0.3486578385283148,-0.9453664702280143,-0.16052027721470552,-0.438805071274653,-1.1731768982542383,-0.19088809757248115,-0.07361442796839238,-1.045073959812031,-0.07050910813315787,-0.1585893951477873,-1.1181995222682717,-0.14969964709157554,-0.1861140185385873,-0.8014479939457346,-0.1806885801789691,-0.20348360472283436,-0.5534472761657935,-0.18506426650302077,0.058437081178266174,-0.995511210685049,-0.0744482165249948,-0.030164839398303955,-0.9620242833572622,-0.18019380423954479,-0.08952255124444342,-0.6163369242544803,-0.2200099998612202,-0.1338412540725026,-0.3848571228501998,-0.22783792735227285,0.17538527585811997,-0.8596202879821943,-0.08824956518528487,0.11011578578470578,-0.8734077724687966,-0.2072759899316628,0.011423673832229236,-0.5565126826823006,-0.2145787562581323,-0.059610070203738846,-0.3366887392094253,-0.1872448989437742,0.26921106847518966,-0.6982175744845383,-0.10437118435237423,0.3633147975275026,-0.9564677161800845,-0.18583451338516901,0.446306833243919,-1.1201969539794918,-0.20487473531327396,0.5109356104850841,-1.2925118698201528,-0.20087079797772558
0.0,0.0,0.0,-0.1842479626493932,-0.25849730091706846,-0.07112277040097958,-0.28205192220951725,-0.6486683292249894,-0.11426817712119851,-0.3483538493288789,-0.9478133672557781,-0.15927757966068404,-0.4379467532675715,-1.1766604781290266,-0.18909909338999412,-0.07539815888432787,-1.0459697873688147,-0.07172646763073005,-0.16141128640929747,-1.1262698341275983,-0.15158788889869945,-0.19043506080275255,-0.8065482267996782,-0.18231798117546172,-0.20760188854360925,-0.5583942909716999,-0.18667744202694497,0.05750199013790619,-0.9954553254312979,-0.07590926294365519,-0.03174785943147739,-0.9682466731411022,-0.18370033969439536,-0.09189533870787266,-0.6193624597675019,-0.22300947060954923,-0.13548160375696072,-0.3862249533980994,-0.2299547614277959,0.17459956981808591,-0.8600028446658788,-0.09018363835163937,0.10987381156082511,-0.8786457196799028,-0.2105065271647574,0.009463706034015156,-0.5625726262612697,-0.21780219832223507,-0.06268425463900525,-0.34424334709414206,-0.190170991322466,0.26846206711611714,-0.700289283952943,-0.10677640060219849,0.36198865512661504,-0.9613969817081336,-0.19013497197034968,0.4454518928983736,-1.126177309840806,-0.210712016098865,0.5109854976166596,-1.3003132633401264,-0.20749525958359022
0.0,0.0,0.0,-0.18566670264658633,-0.25698569850729464,-0.07263699433876569,-0.28472695184931046,-0.6490398656320322,-0.11616663890262759,-0.3502988076998908,-0.9493169812975601,-0.16059405916806216,-0.4386743428351619,-1.1801348585242502,-0.18940154417198402,-0.07302473123343148,-1.0453966957113825,-0.0793954583267104,-0.16324844046372747,-1.1220604014690827,-0.1572862049010374,-0.18966177397660963,-0.7968353336313542,-0.18493190710842144,-0.2054648705938649,-0.5475538144026109,-0.18794380963691526,0.06012778272799282,-0.9947534857959722,-0.0827656465025061,-0.031944824555255935,-0.9641304274274632,-0.18918381382518726,-0.09044225402976155,-0.6136587747723016,-0.2265924054210364,-0.13312138377052735,-0.38018306700304283,-0.23337623056014062,0.17699232924999353,-0.8572563193201207,-0.09566761181014781,0.10919529821346752,-0.8739782995372821,-0.2142730395998996,0.00926611850785796,-0.5573867919679646,-0.22021510528209748,-0.06261928393664123,-0.33744294380685685,-0.19315156705527736,0.2702650777881128,-0.6951929074895202,-0.11103161663232777,0.3620765172488946,-0.95612580560886,-0.19503268123601886,0.44479902690465645,-1.120896639100086,-0.2163462062446849,0.5100118901177709,-1.293383144701968,-0.21427950997387962
0.0,0.0,0.0,-0.182867679294794,-0.25489342963317396,-0.07294788325169425,-0.28126357620700343,-0.6430680294712021,-0.11677620979956971,-0.34672503409105526,-0.9417403132027624,-0.1615635641798466,-0.43380313249478714,-1.1744992320242036,-0.19081276818582346,-0.07518855809869618,-1.0434775067126605,-0.0783845625498489,-0.16238179894756824,-1.1183011462783263,-0.1564592842464878,-0.19047411916207196,-0.7962509757541657,-0.1842804647572024,-0.20891243115296862,-0.5476286584779371,-0.18723058384730273,0.05862176202645738,-0.9949204216150085,-0.0818342450953581,-0.031931995906635376,-0.9628274428540392,-0.1882560712493325,-0.09131752412091917,-0.612829421593956,-0.22640096535153306,-0.13526873093891192,-0.3794891056141778,-0.23361223472282347,0.17628597109445326,-0.8591247064444205,-0.09486494539009133,0.10963708418563678,-0.8763172060547487,-0.21385889855243784,0.007741614932183928,-0.560617015048233,-0.22031111662050884,-0.06701958061150919,-0.34229683251553467,-0.19352258607576056,0.2698709712039951,-0.6974318671901479,-0.11035177345586981,0.360823035369728,-0.9581383660364338,-0.19443136316432388,0.44312624154415514,-1.1219133344279826,-0.2153732337630423,0.5074573002038566,-1.2943676609256158,-0.21295898725167628
