lm0_x,lm0_y,lm0_z,lm1_x,lm1_y,lm1_z,lm2_x,lm2_y,lm2_z,lm3_x,lm3_y,lm3_z,lm4_x,lm4_y,lm4_z,lm5_x,lm5_y,lm5_z,lm6_x,lm6_y,lm6_z,lm7_x,lm7_y,lm7_z,lm8_x,lm8_y,lm8_z,lm9_x,lm9_y,lm9_z,lm10_x,lm10_y,lm10_z,lm11_x,lm11_y,lm11_z,lm12_x,lm12_y,lm12_z,lm13_x,lm13_y,lm13_z,lm14_x,lm14_y,lm14_z,lm15_x,lm15_y,lm15_z,lm16_x,lm16_y,lm16_z,lm17_x,lm17_y,lm17_z,lm18_x,lm18_y,lm18_z,lm19_x,lm19_y,lm19_z,lm20_x,lm20_y,lm20_z
0.0,0.0,0.0,-0.16796720854712338,-0.04573660059955199,-0.10030398849437354,-0.3502638501868018,-0.2248665805915293,-0.17722773950314988,-0.44399668890537225,-0.43415310938035834,-0.2535226181730166,-0.3617992664843401,-0.6092162335973655,-0.3219175876093312,-0.29529955401597596,-0.8599211631752416,-0.07201427816978787,-0.384772475598948,-1.0159142872294746,-0.1800205724313326,-0.4716591034829378,-1.135020306335293,-0.2425436648208174,-0.5395793650854718,-1.2290049444227962,-0.2843556330321734,-0.14933951924688293,-0.985649642284007,-0.07869237991393468,-0.2569495539274047,-0.8113660488438761,-0.19814583547720693,-0.23278719611134213,-0.43459587557628976,-0.1981881587165239,-0.18636978101553692,-0.36360520980633015,-0.16711723215706453,-0.00036189898449843816,-0.9621727433648543,-0.10618393632567774,-0.09560325724967599,-0.6712412026330926,-0.2162905981758381,-0.10175845411989476,-0.37145333624922783,-0.16530107798363086,-0.07422936116117815,-0.34797088226262307,-0.1024313288951359,0.13857197719123968,-0.849065468573802,-0.1480345395758293,0.05065292636128643,-0.6106753039369816,-0.20921392034200745,0.007592775473462954,-0.38940367158703765,-0.17592588440242757,0.006476844382359819,-0.35148605609293,-0.13308465781222217
0.0,0.0,0.0,-0.1683159079132854,-0.04562815067586334,-0.09988772625499032,-0.3498253478641972,-0.2233488009905326,-0.17600904314832888,-0.44739868011363937,-0.4284952175000511,-0.2511665493524532,-0.36367993044830754,-0.6050130251132616,-0.318236754286051,-0.29616786493050046,-0.8571824208592446,-0.07208087935029105,-0.38483199079857794,-1.022472719564901,-0.17998492969083607,-0.4720158287517701,-1.1406081403522397,-0.2439122592449695,-0.5421607385134646,-1.2330211198667762,-0.2868085500692485,-0.15024560530673858,-0.9855762616277411,-0.07788254362755595,-0.2572647151030301,-0.8151362353587729,-0.1946470711142253,-0.23232230797930084,-0.44356262678306596,-0.1958941090337356,-0.18600700180950336,-0.37100900894032834,-0.16687480754012834,-0.0004228085523860272,-0.9636434343579433,-0.10428856241355597,-0.09352166121256099,-0.6736479697566538,-0.21080662896187943,-0.09844917613547233,-0.3793279687203985,-0.1613906504109954,-0.07011697288810742,-0.35756963241513606,-0.1007447470999643,0.1401487612108511,-0.8512953430258487,-0.1450661848624093,0.055448190732472084,-0.6194385274779227,-0.20339802197644244,0.011009692889882084,-0.3987007708102489,-0.1700324986222245,0.008778040469965886,-0.35670166581149443,-0.12781451279873096
0.0,0.0,0.0,-0.1692365398656889,-0.05083784306516658,-0.10557720849955056,-0.3463210825478554,-0.22563340771173718,-0.18725516610967335,-0.44450980038616705,-0.422209900807718,-0.2677649146042932,-0.3653360789893724,-0.5978334130721652,-0.3399134539802163,-0.29394455479697845,-0.8603299944899158,-0.07595164384695377,-0.38136129496972637,-1.013533753464167,-0.18903794450015315,-0.4688472130643114,-1.130969701399913,-0.2554197772214843,-0.5380822818803337,-1.223261890050804,-0.29920794344826457,-0.14882805034516308,-0.9855749358211295,-0.08057454506005055,-0.25237710011902725,-0.8138061558995769,-0.20142324199074793,-0.22906240873328643,-0.43905978323969536,-0.20205331705485854,-0.18514746188822498,-0.3759341548435196,-0.17138416494321718,0.00016861548800877442,-0.9621958059759173,-0.1070011435099079,-0.08817186412850612,-0.6672175015221844,-0.21694992577351482,-0.0939571070938407,-0.3725520015845847,-0.16494506985137508,-0.06653968188257178,-0.35895977038093685,-0.10146055250332336,0.1381423855807584,-0.8477396127155612,-0.14854574395347087,0.05862733175012977,-0.609276844954032,-0.20747692537016782,0.016394347183832588,-0.3923155596493537,-0.1727655245428523,0.0163702852979762,-0.3612325248722811,-0.1293436754637711
0.0,0.0,0.0,-0.17008101884993188,-0.05152383731344949,-0.10481100313138465,-0.3491010494780701,-0.2261248137565927,-0.18439281753524103,-0.44515134408978874,-0.42012260780944755,-0.2622142951784365,-0.36790256457367376,-0.5978755970080684,-0.3314173386218085,-0.2979803658913411,-0.8594554952961885,-0.0798563864751395,-0.3884262442199021,-1.0134792590178237,-0.19499294132332126,-0.4755334798793382,-1.1329777764519235,-0.2654786630051413,-0.5446418286474516,-1.22833995948947,-0.3128030053272261,-0.151332668904692,-0.9848230590092879,-0.0849821496890456,-0.2566706761337677,-0.811664440218142,-0.2080429161599768,-0.2326455470430791,-0.43822396178987977,-0.21091176470196837,-0.18658502680749658,-0.3709056597193953,-0.182794965615614,-0.0013017183528515935,-0.9575358156320051,-0.11166501890351006,-0.09227005006215004,-0.6718958353861753,-0.22324541272245516,-0.09910885443852907,-0.3798931456052863,-0.17170620304610854,-0.07077422080658817,-0.3603405117936435,-0.10917195967261058,0.1379013858832042,-0.8384839590459441,-0.15341081466309434,0.05986837440860894,-0.6133378255659442,-0.21608621473015116,0.010651978205930725,-0.3968934842745516,-0.1825635983317104,0.004921179714122806,-0.3571702867548233,-0.13982002469286156
0.0,0.0,0.0,-0.16620520834350871,-0.043172492705963884,-0.10810968481528149,-0.34148214401995153,-0.21759490050448085,-0.19100844558336558,-0.43932512212939123,-0.410090619312437,-0.27169519923900004,-0.36585149767220215,-0.5934624669582088,-0.34407811767350105,-0.2928596005485843,-0.8631995266258311,-0.08283498160810897,-0.38438287644855984,-1.0255351432563349,-0.20139606234395266,-0.47406228345407064,-1.1478397009366632,-0.2737643211253904,-0.5441450744881676,-1.2418278397687754,-0.32115385323934986,-0.14424245014159917,-0.9856915051870945,-0.08721451816726655,-0.24974834436807436,-0.8194406477973383,-0.2150792015870673,-0.2310715752350706,-0.44447659844189935,-0.22043115793347645,-0.18790761852962454,-0.36727070054090505,-0.19187789986437084,0.007364527229368886,-0.957766536188712,-0.11336984436264362,-0.08725759520642058,-0.6633847440695249,-0.22691209313098243,-0.09590679051372232,-0.3694774422399918,-0.17591569487430375,-0.06809687195710182,-0.3496188081657264,-0.11249280510291734,0.1479975481085281,-0.8399932958267486,-0.15480556250672642,0.06292368451284185,-0.6011868051659269,-0.2157960168696825,0.017740035858786644,-0.38351192604789863,-0.18060913821337368,0.017796076557838457,-0.35056537639706187,-0.13624535153296746
0.0,0.0,0.0,-0.1634363914401966,-0.04293045066752685,-0.1059130462842413,-0.34185548648494263,-0.21708447077608714,-0.1873391349653293,-0.4427282269772197,-0.4129638088346616,-0.26658539871386566,-0.3676053954443104,-0.5908954614584826,-0.33762349513225876,-0.2904315134969772,-0.8622270015359083,-0.08157319401874462,-0.38656783055647753,-1.027895268804743,-0.18985970712343853,-0.4761114657495112,-1.151570232770152,-0.25478640169566497,-0.545474799728609,-1.2505091125154268,-0.29881290410663824,-0.14092931574034198,-0.9863063484736674,-0.08566629982379088,-0.2520763620312495,-0.8157231447032921,-0.20329356706018933,-0.22984436294616367,-0.43704845909453494,-0.20468848945308818,-0.18160569206290772,-0.35682746080660266,-0.1758579004589101,0.01145498938555821,-0.9570149437164245,-0.11035478441283064,-0.08383658163403528,-0.6726516721377839,-0.21874618550715055,-0.09156351519078748,-0.375634598798327,-0.16738877338297226,-0.062148261211226054,-0.34583290564710994,-0.10519559486137395,0.15492178052925118,-0.8379864066988661,-0.14976597248398713,0.0745280037892718,-0.6294779627288846,-0.21078397080082945,0.02461241998545184,-0.4052964412967094,-0.174956837245561,0.017966924148900106,-0.3486942944011402,-0.13029668281083956
0.0,0.0,0.0,-0.16167011335590772,-0.044281127586230845,-0.10911070942419436,-0.3414509109263082,-0.22133500073220833,-0.19066385391901633,-0.4409774465656433,-0.4219461059390495,-0.2690497208698238,-0.3654260341163363,-0.6032469722247509,-0.3385282963541989,-0.2908788745574694,-0.8605005323082928,-0.0814838757681173,-0.3869751254464435,-1.0156461048023917,-0.1901364477527265,-0.47416314942804305,-1.1363070348312525,-0.2552046017201008,-0.5407701037451932,-1.2397835040721086,-0.2998633508437197,-0.1431372486732965,-0.9860841632559413,-0.08455620035259913,-0.25508023417178805,-0.8108142900647368,-0.20609080370185243,-0.22984888224340044,-0.44053902136701784,-0.21058819841083698,-0.17972330217590962,-0.36655650308706345,-0.18340646352596018,0.007067370395827168,-0.9588997931654836,-0.10861638592536949,-0.0895409545542392,-0.6727284224788505,-0.22030209094133088,-0.09494497406119311,-0.38237321232390237,-0.1723887488472227,-0.06516747041666739,-0.3584982041303131,-0.1121433747350755,0.1487409505979424,-0.8437808715903549,-0.14760387603581576,0.06624637605741465,-0.6256336710638056,-0.21103499694667596,0.01850749369901052,-0.4054153586601528,-0.17876859296622954,0.012718528836560767,-0.3552989048457558,-0.13661656318769694
0.0,0.0,0.0,-0.16356104159167276,-0.04255491276860175,-0.11111892229574934,-0.34200686392541874,-0.21741475197116011,-0.19370444966073141,-0.43690767335479785,-0.4169175493590006,-0.272784807266544,-0.36333820352757557,-0.603702074570329,-0.3430930136606611,-0.2922627569268279,-0.8605248860768039,-0.0872041722029728,-0.382010388000917,-1.0206779974153402,-0.20118125014793284,-0.46876878341776035,-1.1434514591288354,-0.2710452407281781,-0.5376216389200764,-1.2446292968859283,-0.3184840532199786,-0.14281875186090698,-0.9856896446779702,-0.08954735334731816,-0.2513116946325706,-0.8097131949149109,-0.21678346577537022,-0.22923515379299125,-0.4351920243672149,-0.22330603846064337,-0.18198818571714553,-0.35227326641323475,-0.19694058133788933,0.007559778809937056,-0.9572866825609759,-0.11318803098855772,-0.08581085719808426,-0.6742165125661208,-0.22868954924464233,-0.09405755539755885,-0.3801186105359206,-0.18080020936306898,-0.06747810034198497,-0.34896513007888247,-0.11991371957923509,0.14916909068910494,-0.8403137309220465,-0.1518920004405497,0.07107856229701826,-0.6235411789351286,-0.2180977855918646,0.019541830285335984,-0.4035374666393668,-0.18646254059898784,0.008994648580665267,-0.35309507712366334,-0.1443347989528953
0.0,0.0,0.0,-0.15734216527350622,-0.04678025818432947,-0.10641697981048923,-0.3349724486242997,-0.22488023054288,-0.18443886166085965,-0.42513210247683925,-0.422911671432781,-0.2592366535299119,-0.34308745845408317,-0.597793397530172,-0.32572157085693154,-0.28782768839507017,-0.8633044664878596,-0.0836550449286288,-0.36866405196688357,-1.023647747295378,-0.19220998225552163,-0.4520993187711598,-1.142391958304291,-0.2581658374648904,-0.516861982197652,-1.2363682918854937,-0.30318640541642566,-0.13655331342511873,-0.9868434498870015,-0.08656326014968796,-0.23134813306105206,-0.810102507697863,-0.20659952681650642,-0.21433176780762753,-0.4311531430191243,-0.20954140620281586,-0.17126409808663415,-0.347925602204865,-0.18208852197842929,0.01589765807553979,-0.958626407943735,-0.11005945504543663,-0.06571847690495268,-0.6784137260723678,-0.2188419835868313,-0.08217914089453404,-0.38017252835446064,-0.16876827548484666,-0.06100953415455501,-0.34555268658791527,-0.10796203887612581,0.1568874507986559,-0.8415539574408529,-0.14843529087641888,0.08633585208993279,-0.6217802252354185,-0.2112049946314374,0.03499895311184226,-0.4043836088207979,-0.1787961106907242,0.02606007004780691,-0.3592277222243373,-0.13674053449526677
0.0,0.0,0.0,-0.16159601890004302,-0.047354032542942855,-0.1041839802630032,-0.33944704430792233,-0.23917380154844384,-0.17618553539501158,-0.43570327948498216,-0.44195978300808997,-0.24513936277549467,-0.3414631591941721,-0.5808664856930518,-0.3064679160122947,-0.28405413650330913,-0.8689937501422101,-0.0790851392242779,-0.35988265109157624,-1.031472564367002,-0.18927251529221228,-0.4411508978351795,-1.1467174729705731,-0.25612263141852554,-0.506319752869544,-1.2454278736484383,-0.30109501018841284,-0.13468447063627254,-0.9873458195210787,-0.08371574549436049,-0.21144905821457136,-0.8156223675203212,-0.21063597645875334,-0.20078618916276017,-0.4395467907804553,-0.21780723273578564,-0.1698724887068909,-0.34706153224613395,-0.19009462818150322,0.012753994489182196,-0.9507565346635605,-0.10866424448105239,-0.055350817532040256,-0.6565130675998707,-0.2217024169475874,-0.07315234353212625,-0.35953327431923876,-0.17668620560626253,-0.05747862294550969,-0.33112610003005516,-0.11657800663674951,0.14562702450583417,-0.8270347918837037,-0.14819307408559074,0.08064496224975085,-0.5714092874555957,-0.20764699398144815,0.04077951362706176,-0.35313775368671796,-0.17554442672527384,0.040540176783019556,-0.3258188742883745,-0.13336868980802566
0.0,0.0,0.0,-0.16011204781375998,-0.042911730909577527,-0.10769452940008718,-0.342442241833305,-0.2332129221346385,-0.18233660322496145,-0.4412075595681979,-0.44823929973325327,-0.2533249857523904,-0.33669218552088803,-0.5811549996021893,-0.31633075235782065,-0.28909523042709906,-0.8660024272832172,-0.08172637273721532,-0.3503880496614865,-1.052390713646104,-0.19068345428997593,-0.4216392243183209,-1.1727208339215274,-0.25646589661658875,-0.48276603533160367,-1.2731665898587445,-0.3004157830813275,-0.13829525855015296,-0.9868488833191312,-0.08368812911237673,-0.2008069276184404,-0.8331571523342416,-0.20772280161664838,-0.19416232308658826,-0.4692504007210847,-0.214334223094226,-0.17405376399513214,-0.372760957170821,-0.18599288549618245,0.010989260898523026,-0.952984507510026,-0.10606507412568893,-0.042101581046672575,-0.654112731336001,-0.2172365552341688,-0.06139999027522374,-0.3732377892952705,-0.17745721866960779,-0.05332079958182098,-0.3486284182876162,-0.12041411926951119,0.14729985677396895,-0.8319359787570451,-0.14292551026060282,0.09444733794126628,-0.588590606352183,-0.20056864665473143,0.05116232090853291,-0.3742669287264412,-0.17009526296339791,0.0406010005755003,-0.33617389781602824,-0.12876998645851623
0.0,0.0,0.0,-0.16414165703711525,-0.046854151816992186,-0.11175082358503927,-0.34429372950476,-0.23818834334483818,-0.18885415470517558,-0.43061767268263235,-0.45644218986843677,-0.2613720661279374,-0.3149077636448713,-0.5685366312300465,-0.3264655205157333,-0.2831806030974554,-0.8700267059112999,-0.08962634119438695,-0.33356696649978423,-1.049125036574017,-0.20234143258082052,-0.39368426838272796,-1.1730620767530608,-0.27476947476174135,-0.44679580690480325,-1.2844118541050753,-0.324132911322521,-0.12813938440170786,-0.9875885756848772,-0.09082457454822866,-0.1787243743752113,-0.8074643480636589,-0.2176793485620764,-0.18367630186367254,-0.4513050013350856,-0.22694629908507363,-0.172664036366672,-0.35715452153985083,-0.20218675445892217,0.02392522021106341,-0.9484170026292232,-0.11280898575933711,-0.02244183242577724,-0.6527897531791915,-0.22789388241300085,-0.0492864919684882,-0.3760736096280764,-0.19056091616889775,-0.04617956400423659,-0.34970101304844675,-0.1358198972339528,0.16451496361153778,-0.8272291769540072,-0.149522740629015,0.11355481074051672,-0.5878720925885006,-0.2121821029603939,0.06352374757858804,-0.3761060952822405,-0.18403020909210144,0.04978305839642469,-0.33933307729775186,-0.14455190184902253
0.0,0.0,0.0,-0.16693463328096209,-0.03855060639835596,-0.11533659938160946,-0.3475513105635334,-0.23974137943538532,-0.19424611973461112,-0.4273126151745175,-0.46159275219316315,-0.26826151457703007,-0.307665583738089,-0.5725075307254255,-0.3338735399474281,-0.2772029084862115,-0.8749261556836284,-0.09410386532076644,-0.32573144387348435,-1.0664501104876978,-0.21672423939950675,-0.38046891526226395,-1.1906999686480053,-0.2907103371886494,-0.4313167433948598,-1.3042183078937621,-0.33886148479535405,-0.12043913080319571,-0.988151690385593,-0.09513491766678506,-0.16928124306827153,-0.8308982926653059,-0.23175975746578908,-0.17274310903501447,-0.4572681229836811,-0.23693586266802286,-0.16658937622252207,-0.3833869065111236,-0.2053232395418974,0.03243291690515125,-0.9492327781746209,-0.11851511031951797,-0.007019910685479868,-0.6598807101157698,-0.2422554771915258,-0.03452817196584913,-0.36621871472767237,-0.1987982012589666,-0.03582004040979233,-0.36085888344791156,-0.13698828367557433,0.17372766075660992,-0.8264917123298644,-0.15705495114750775,0.13023418737214768,-0.5727425711075174,-0.22464466396213761,0.08365445734825637,-0.3542187555267157,-0.19459076026258965,0.07127528448805709,-0.34204882362006556,-0.15212290901354278
0.0,0.0,0.0,-0.164069440601953,-0.030998780234788796,-0.10975500873076631,-0.34451364397786305,-0.2427726685368249,-0.18307983976119419,-0.4236597197480792,-0.4708358943032627,-0.25282144841132903,-0.3036644353097644,-0.5559998137760976,-0.31599793971202816,-0.26510920873484556,-0.8810319412608776,-0.08601914371770078,-0.3144621186723115,-1.0526750647953542,-0.19960919914234118,-0.3662069372773255,-1.1820379636668539,-0.27056112200713844,-0.407645599522666,-1.297694172736449,-0.31928503838206396,-0.10787606585455431,-0.9901844620180773,-0.08886779840704237,-0.16222304167169813,-0.8171535086762579,-0.21728840260494542,-0.1681577330220003,-0.4437291745135783,-0.2208421949243246,-0.15641355238262888,-0.3589518471844293,-0.18946586702152898,0.04560612934253657,-0.9397585268508315,-0.1130364841993001,-0.0015529980333565526,-0.6431332506962848,-0.22928897755617222,-0.03216859556031753,-0.352346444035601,-0.18465357852935407,-0.0284377256660592,-0.34027609403247305,-0.12369312582985693,0.18611807288306892,-0.8016326201716473,-0.15214798154343923,0.13320931075872622,-0.5364934841664918,-0.2147392337084433,0.0910296644535625,-0.3306590225423386,-0.18383397619337274,0.08931414997763736,-0.32864669773365707,-0.14208230879494999
0.0,0.0,0.0,-0.16196012076201308,-0.032882099961748436,-0.10654551270312025,-0.34414602216387835,-0.25775657509186095,-0.1725369389965688,-0.41171459037927444,-0.4937549054244579,-0.23454598689696227,-0.2844150059161697,-0.5662774303757553,-0.2903100576015182,-0.24905526021998833,-0.8826585280877342,-0.08165224834850712,-0.2949450956255786,-1.0504853722572454,-0.18592737336621212,-0.3395286088111749,-1.1758921147005168,-0.2523837157526252,-0.37212831741285757,-1.301251760137754,-0.30024886060764266,-0.0857482032206323,-0.9926769435068654,-0.0850866116042974,-0.12584682296928879,-0.8217767813484677,-0.2098693246762484,-0.1456384340433949,-0.4646640191103722,-0.21971414818096005,-0.14442211096043758,-0.37310553261902724,-0.19520406540112226,0.06938399572328714,-0.9388967388434201,-0.10835181159091462,0.031018050038721164,-0.6560349807456812,-0.22660720973462595,-0.01235943657535849,-0.364020386681785,-0.1925075234605073,-0.019271255894079388,-0.3377911678436397,-0.13951041377770365,0.20937193309943675,-0.8010037601931604,-0.14535650841054484,0.16606766612226814,-0.5383527193203884,-0.21604487192341348,0.11236640137986756,-0.33037653554956864,-0.19473988817819166,0.09702574339017485,-0.3175234384534739,-0.15968424708726686
0.0,0.0,0.0,-0.16886325813016118,-0.038276621046086284,-0.1077197478217615,-0.35627147669408604,-0.2748623931837814,-0.17461136578211162,-0.4078245879050871,-0.526162580739935,-0.23714943312974573,-0.2717390438128132,-0.5924434432828208,-0.29274984697832135,-0.251564356311817,-0.8883116651602497,-0.08221249676946621,-0.2890841642709658,-1.0842230974643754,-0.1831865910033593,-0.3218416783223399,-1.2238891381952128,-0.24484249012930423,-0.3475162534134047,-1.3530810936861923,-0.28976637761104795,-0.0833882899558535,-0.9928238458668474,-0.0857158338721678,-0.1160257807863917,-0.8399366197885391,-0.21506067433388712,-0.13041954593349944,-0.4679130759416109,-0.22434251910762343,-0.12832659199107996,-0.36745422845108566,-0.19781326885903766,0.07595861724646269,-0.9438406436196268,-0.1089903122647157,0.048041255303307495,-0.6749529357671618,-0.231039623616802,0.00442909218849335,-0.3818538770894109,-0.1964609484027077,-0.008081367419909913,-0.3574952428673148,-0.14260231761451025,0.2216579821044172,-0.813615449012677,-0.14573462705231166,0.18770474652128416,-0.5721983500035891,-0.2169847720783659,0.13098593002136558,-0.36266702776382376,-0.19446051235968256,0.1088324283075683,-0.3538474783124983,-0.1589379045233893
0.0,0.0,0.0,-0.16461638964665587,-0.036240626753595254,-0.11741184709328388,-0.35102601902360975,-0.2604571523100816,-0.19134488260528532,-0.3880699112257421,-0.5157836184153752,-0.25918390256651475,-0.23957598219910056,-0.5943347305906556,-0.3197053878737657,-0.23903883525490766,-0.8930059109323032,-0.09048488313560443,-0.2595706143553881,-1.0782091691558,-0.1881148815336464,-0.28035397855111943,-1.2135033257708392,-0.24568609706978883,-0.29395626747538117,-1.340777691931529,-0.2888160507271759,-0.0649753369027429,-0.9937304882433505,-0.09098308815382722,-0.08675934595429242,-0.8395253222378682,-0.21810301229322296,-0.10872462982466828,-0.46108988285648694,-0.22645942792576101,-0.11192747895296729,-0.3645151830338477,-0.20017191555593022,0.09514826535987028,-0.9382330944410848,-0.11192878709217624,0.07660874168969799,-0.6663024048440748,-0.2396819333387493,0.025404595492571853,-0.37074864075294767,-0.21025222181893888,0.005737554233144915,-0.34316639066541754,-0.15902924601915297,0.24042363346459839,-0.8043900201650472,-0.1464501631043526,0.21792630898295431,-0.5641729967864785,-0.22855729606877107,0.1538871985822105,-0.3483925260164132,-0.21276912840758097,0.11810241024085355,-0.32470346198911554,-0.18064848991001006
0.0,0.0,0.0,-0.1659954787815825,-0.04063883037667747,-0.11918239372231053,-0.3545620582614046,-0.2800215036758248,-0.19338604615102947,-0.40284320591448053,-0.5536879874591857,-0.261272551978384,-0.2535674043562625,-0.6341835252999907,-0.3205725342319968,-0.24968992892322522,-0.8940365151817015,-0.09038257907799847,-0.26504241978924215,-1.099746972470875,-0.18668581466218614,-0.2812054385361336,-1.2442299287661218,-0.24099493055854376,-0.28453059514063633,-1.3796294101559439,-0.28292017066389563,-0.07282304028556165,-0.9932846580483272,-0.08990212950417241,-0.09584704242319961,-0.8636942885659801,-0.21366412372704507,-0.11637061832137166,-0.4850708550529149,-0.21604230011151657,-0.11296438920310903,-0.4012700835367793,-0.185830225948314,0.09092745971475219,-0.9329051637129255,-0.11015487808391068,0.06802911011060586,-0.6755097953614693,-0.2300430399588762,0.010876933044366432,-0.3900205325398765,-0.19577533055479807,-0.005703875444966536,-0.3789021572647506,-0.14445173216903023,0.23613977274875136,-0.7881313523774379,-0.14467731989055985,0.19711765848588444,-0.5191063193210124,-0.22167733295964076,0.12821332028877572,-0.3230781097244124,-0.2077019159442858,0.09585079030096466,-0.3259756137502498,-0.17910332781603047
0.0,0.0,0.0,-0.16891864770300916,-0.05337853273373323,-0.13418994914593177,-0.35126497595750716,-0.29282873305999596,-0.2223302409546805,-0.397193231452606,-0.555039030560688,-0.30375399532996095,-0.2443754361385805,-0.6469461226668979,-0.3762695019053664,-0.23868546202465174,-0.9005239097015307,-0.10664347587474461,-0.2534392911217426,-1.1150837851381417,-0.22271341298034333,-0.26373897122905676,-1.2617704266041332,-0.2879724362358035,-0.2555287729379554,-1.401507784742467,-0.33495647216829705,-0.05870159303786018,-0.9926774843889421,-0.10557241572522126,-0.08049563104020191,-0.8920750568590867,-0.2517605973540046,-0.10925380555506206,-0.4881577484763052,-0.25626324500313225,-0.11028028106016406,-0.4091365971115979,-0.22211946121479095,0.10660492068200161,-0.9330826930722974,-0.12840857274746337,0.08963716416581116,-0.6943167428431979,-0.2657084906333675,0.026860981226979008,-0.38773596778935,-0.2263385936799224,0.005030813856057224,-0.3796861437510012,-0.16690475368233398,0.2512145248920691,-0.7880957376792829,-0.16743984468490805,0.22902968755291983,-0.5230649408047751,-0.2536382456570775,0.15279832559873516,-0.3177724491276605,-0.23804854856398364,0.11097797931118764,-0.32638629275328673,-0.2059879114074339
0.0,0.0,0.0,-0.15995269370583062,-0.04774123212748951,-0.137176331656215,-0.3389241236503359,-0.27898416392788716,-0.22575860442233955,-0.3832348480800417,-0.5330932416419044,-0.30530372134372635,-0.24088283807979693,-0.6304137847310841,-0.37679760189704375,-0.22825685918459004,-0.8965829481647517,-0.12122427803215209,-0.22813618217199724,-1.0738131533175255,-0.24779338725972314,-0.24163189474695873,-1.2087852172410292,-0.3256059445065853,-0.238453285667694,-1.3424727934803333,-0.38191817358186736,-0.04383406975698896,-0.9917113874620758,-0.12077706034915749,-0.07234137783370465,-0.8633227622781513,-0.2774876699410859,-0.11206989064932853,-0.4692420188737699,-0.2935008065392616,-0.11520788351723515,-0.3819739880957186,-0.26914584703682776,0.1218121185381107,-0.9249086549118374,-0.14389957168819417,0.09158975188275009,-0.6689970375485579,-0.2924596988090592,0.022020821014729224,-0.36713696419470543,-0.2596486100815799,-0.00473510821741555,-0.34978271154072493,-0.20500725969157857,0.260901162712424,-0.7753863214449136,-0.18311092345925697,0.22816156730409606,-0.49904572611974707,-0.28316957035944446,0.1470599756533393,-0.2941199513066786,-0.2734762332587333,0.10234972829844761,-0.2986918135976741,-0.24478522469723338
0.0,0.0,0.0,-0.15832838957107329,-0.050217990631403225,-0.1332747217894072,-0.3374352664426846,-0.2808271453038962,-0.2211336266579546,-0.3892415709505027,-0.5452589350227973,-0.3009310103565874,-0.24548149586329576,-0.6432467618741575,-0.3738689475265225,-0.23559726688509844,-0.8938700157905826,-0.11069730577512375,-0.23371107213536801,-1.066064750411629,-0.22714449201087186,-0.24367961426855278,-1.2038338860908617,-0.298881134772374,-0.2394051869851804,-1.332034438965523,-0.35094998161018714,-0.050768810969681076,-0.9930605054586429,-0.10608185674727626,-0.08101399467679299,-0.8614712935712288,-0.24474747989522147,-0.12022863843908359,-0.4905506447020857,-0.2562742069157809,-0.12467342054813675,-0.4029177792728277,-0.23141738283583901,0.11376840701695937,-0.9301408052484369,-0.12403030770117864,0.0767370706485121,-0.6489258962545188,-0.25453140694815185,0.009726165819758454,-0.36770925874489474,-0.22391845751744865,-0.015194805398602145,-0.35560964880364476,-0.17344219783098994,0.25580150285667874,-0.780281374407036,-0.15747757875703836,0.20667266917728866,-0.49957983457776806,-0.23963234578539547,0.12956665645421878,-0.3063500241025088,-0.22694043112892617,0.08921426524284935,-0.3087290378857193,-0.19847521047712002
0.0,0.0,0.0,-0.1582130222792136,-0.058980447689268634,-0.133766639360032,-0.3354283033282749,-0.2795984248337336,-0.22369033536993932,-0.38805376639947103,-0.5301680842366178,-0.30515664335821124,-0.2476188484199177,-0.6424097946965324,-0.3798045785109778,-0.23379241717082105,-0.8940616503305204,-0.11270565664480096,-0.23241086603236585,-1.0527655958304374,-0.22906290872602503,-0.2441024637629366,-1.1802518137420714,-0.3024903372081827,-0.24479587516153709,-1.299231363036473,-0.3555519829722128,-0.05258893800702874,-0.9926734871031464,-0.1087830483199118,-0.08328787789266635,-0.8433577068721716,-0.24747511826339544,-0.11949758390294053,-0.4846599252928434,-0.26426125641959214,-0.12512771544346432,-0.4002216961524309,-0.24477532295981644,0.10896838692582063,-0.931514149890119,-0.1270685968422378,0.07395628881847824,-0.6471173859565397,-0.2579337126680268,0.011728311068264757,-0.37060325803615746,-0.2321143048405968,-0.014404242702342628,-0.35614140363466423,-0.18589422485713455,0.24967065331319713,-0.7855245980542229,-0.16087832137300545,0.2054371061447487,-0.5054713043801368,-0.24467833855940804,0.1312311666299511,-0.3119172701425476,-0.23504572365031975,0.08811935313320012,-0.3098494619995041,-0.20911137483487846
0.0,0.0,0.0,-0.15835579225835691,-0.06276296873241423,-0.12296497332666556,-0.33515982282045226,-0.29306737829490415,-0.20605426013311842,-0.3848088275943742,-0.5513198198605186,-0.2818269703925565,-0.24397779205477924,-0.6616312996906423,-0.34980601026693764,-0.2276651401028051,-0.9001809867168817,-0.10155900422414352,-0.23034719635407186,-1.0685393174757123,-0.20895782716997077,-0.24459088173942017,-1.193881346801285,-0.2742173254351093,-0.2493556038370736,-1.3076659693735246,-0.32208948201716947,-0.048193127891937054,-0.9937254864265233,-0.10093106583387133,-0.08592770016259314,-0.8601025239775493,-0.22693329957593394,-0.11628643008089906,-0.4972710943469557,-0.2350958418346892,-0.11564969506406811,-0.4161122448320809,-0.2118605966460151,0.11243167794982781,-0.9251799203440856,-0.12161770546059315,0.07058976134867385,-0.6583723723984859,-0.24198181764723387,0.01525236523075545,-0.384748400634333,-0.2114435661741163,-0.0018783026181730313,-0.37838273941832273,-0.16460133035839386,0.25339501475286685,-0.7714998986956197,-0.1569114015225535,0.2012050750753519,-0.5065021569693887,-0.23195190404490929,0.12808826576421245,-0.31913729534122226,-0.218639065953176,0.0890706527301985,-0.32194020551257124,-0.19240424148096927
0.0,0.0,0.0,-0.15972571313421166,-0.05946374881675132,-0.12184683307424274,-0.33542765738105745,-0.28507365040226706,-0.20445891641245406,-0.38833330609539707,-0.532346590902885,-0.2800399936769797,-0.2511551143155268,-0.6438292766754192,-0.3480309121054476,-0.2310353216980007,-0.8964061393857155,-0.1000050538384405,-0.23206768231863756,-1.05339610616407,-0.21144205017600298,-0.24928248608878223,-1.170243277321076,-0.2809091031017582,-0.25815071833400827,-1.2771915276017074,-0.3306431503115828,-0.05147981323415466,-0.9936196953130318,-0.10034804390427651,-0.090600465948405,-0.856580464437289,-0.2281090916121639,-0.12183675934290937,-0.49678541803232773,-0.24032583113858327,-0.11954353287158646,-0.4137713257215558,-0.2199749556405471,0.10980883851827147,-0.9284004013481879,-0.12208546312952581,0.06468147067948424,-0.6529152391073263,-0.2416891760116481,0.01037915341269762,-0.37477644377213737,-0.21007269078519603,-0.0026315256777615812,-0.36393619281392586,-0.16225577691120027,0.25200244143280676,-0.777256267150287,-0.15877210553534216,0.19711529939838204,-0.5162087341397282,-0.23085963043057608,0.12620158079006846,-0.3235342388219119,-0.21455768647681694,0.0931407753107567,-0.3208707595672654,-0.18615585648420016
0.0,0.0,0.0,-0.1601550384673932,-0.06191566694360849,-0.12250724081606226,-0.3376053829675379,-0.2781233177802433,-0.2051901730140745,-0.39381698273616667,-0.5210328745165221,-0.2812997090364905,-0.25544822692272073,-0.6348476312099095,-0.34985669428125016,-0.23358792329753017,-0.9006643595932481,-0.09938346738895938,-0.2402514803553926,-1.0447980319013925,-0.20860445988125242,-0.2585901296018588,-1.1626885799186262,-0.2771534215495553,-0.2671005006164299,-1.27580598114609,-0.32707057196686273,-0.05529514964847397,-0.9934519659994236,-0.09997818600691206,-0.10150204526126702,-0.8396313788179992,-0.2276295887053234,-0.13425567572964991,-0.481377484165524,-0.24026975945289683,-0.13184006904654552,-0.3988574583970181,-0.2207335798254865,0.10425918730291493,-0.9215453231001599,-0.1218475915215804,0.052749496096092544,-0.6497212085243409,-0.24360202496190203,-0.005005042063088359,-0.3691177244169014,-0.21309845114100143,-0.01961147602265687,-0.3536189574456032,-0.1654740956700489,0.24411281493047401,-0.7640440941406238,-0.1585666775427647,0.18459550166163502,-0.5074551279893946,-0.23401111473177585,0.10982560144365278,-0.3160042454998081,-0.2192138309622662,0.07376013543984405,-0.309909110135904,-0.19114576043892076
0.0,0.0,0.0,-0.15442238520457457,-0.06135765612170232,-0.11998210522652886,-0.33297891837012633,-0.2838684001221774,-0.19822994540047265,-0.38355154798303415,-0.5270142428402596,-0.269434647838262,-0.24454073271233925,-0.6349810746264297,-0.3329965737060954,-0.22564147227085893,-0.8993029525770457,-0.09758731023245952,-0.22943044858952727,-1.056383840578044,-0.198392575496419,-0.24959406666830647,-1.173341204830203,-0.2591903483595133,-0.2635772290269697,-1.2837056609076636,-0.30464428473358324,-0.04839100751002212,-0.9940720506516995,-0.09736050793463477,-0.0930913569388566,-0.848399243747773,-0.21860176817486374,-0.12273169861631808,-0.48595129578064394,-0.22708611534007328,-0.11933059519286236,-0.3964211818187154,-0.2052012996507392,0.11007378416702987,-0.9255272941284028,-0.11764670958294332,0.0620186973017334,-0.6487273794129804,-0.233885761816217,0.006732937179595498,-0.3692402857485358,-0.2031042861636779,-0.007191010786039574,-0.3529874245325771,-0.15653621608808096,0.2507837545835793,-0.772587503254929,-0.1524512609086635,0.1939111232118006,-0.5098122754568026,-0.22344994660404244,0.12257304873311062,-0.31763531464208083,-0.2082115741145505,0.08780544821278831,-0.3136638537159673,-0.18099234231114864
0.0,0.0,0.0,-0.15249234152746166,-0.062496090722824485,-0.1239235877436776,-0.32599975276876003,-0.2833886058702248,-0.20985366181874357,-0.3810883668976592,-0.5294412145250118,-0.2886267865139816,-0.2467786836635829,-0.6401056263949572,-0.3602843208240854,-0.21160561210267956,-0.8999966090559243,-0.10240325857850864,-0.21692518526308596,-1.042658274683639,-0.21137620277159405,-0.24029967617839199,-1.1595613280038757,-0.27761342769577557,-0.2571770952899333,-1.257370765251222,-0.3244784220825341,-0.03465952879002105,-0.9943290336373867,-0.10054098631799153,-0.09166167037926803,-0.8465240141202502,-0.22401770046614988,-0.12161286356388831,-0.48289204617739917,-0.23065053115388973,-0.11507210560194017,-0.3993670610071356,-0.20641192526476826,0.12202686825283363,-0.9269294020706961,-0.12023226866573436,0.06117334021175076,-0.6552357835089416,-0.23923032211607248,0.00861778593836656,-0.3776618605918691,-0.20523076306700538,-0.0029618109269694106,-0.360730985843732,-0.15527425871086467,0.2585127488857026,-0.7743091356749673,-0.15469744474252892,0.19217172325338996,-0.5098185719796047,-0.22698331319485995,0.12432546062645253,-0.32020202815549337,-0.20920394542187803,0.09338220455852696,-0.3162164496228239,-0.1790351739715793
0.0,0.0,0.0,-0.16377759178526435,-0.07592273279962773,-0.10658249907463292,-0.345622775491935,-0.29808335426188415,-0.1795263388287941,-0.3928598102463138,-0.5336148288035235,-0.248406871811948,-0.24647348734653954,-0.6074180972727563,-0.31007423890251057,-0.2224142655923974,-0.9070891644652982,-0.07482425140631323,-0.2337408830935447,-1.047888878833693,-0.16645596391627232,-0.2575528983858235,-1.14909803689457,-0.22351806453353584,-0.2756854187901448,-1.2286624666721973,-0.26561501202661025,-0.04817196812167875,-0.995714704310464,-0.07894104830320636,-0.10758778372379166,-0.8351237583226563,-0.18778331515343183,-0.13441299563678816,-0.4826811009907157,-0.19527318582360173,-0.12452050669453085,-0.38651429259168435,-0.17465896728990335,0.10724511583803918,-0.9259228389117496,-0.10294094004666784,0.04724825469051991,-0.6533685180384939,-0.20806529252482034,-0.0028697285848148786,-0.38125618907584646,-0.1774160826632035,-0.009794636384436424,-0.35056432966188994,-0.1325793900053425,0.24571365855639274,-0.7709917069403076,-0.1405661566998604,0.1771245335253302,-0.5169166208914716,-0.20223053487300835,0.1121187985910093,-0.3278629041142023,-0.18400554196221255,0.087903233464409,-0.3115653031024021,-0.15567138658827032
0.0,0.0,0.0,-0.16705022316904442,-0.06716036357303296,-0.10188490978139333,-0.3489134284072856,-0.29097124076177233,-0.16953815550219883,-0.390186491697422,-0.5194067936724889,-0.23304528812534867,-0.2463830579104213,-0.5738693140605767,-0.28917124829159624,-0.2179991337256006,-0.9058354365812233,-0.07515124726257082,-0.23954824099079727,-1.0463189545737117,-0.16958282042478295,-0.26805151759652424,-1.1325620546738946,-0.23012170722468037,-0.29229223409424454,-1.1838369246241778,-0.27293021081684615,-0.04322918859352074,-0.9957031977608289,-0.08189248575055987,-0.10881712552697918,-0.8125704664628093,-0.1979622020232593,-0.132972616648411,-0.45370946572574233,-0.21169773795272182,-0.12116244556454901,-0.3308343959329191,-0.19357895208313847,0.11222946104772641,-0.9233874368043857,-0.10783893765589261,0.05298638735548869,-0.6401051114302372,-0.21724668011349038,0.00609232311104973,-0.3606898413875528,-0.18803738874282777,0.0020360010348409096,-0.31318628657329284,-0.1423607491680905,0.25039234000621113,-0.766518510103126,-0.14703161169437115,0.18903652554637054,-0.5032694978016138,-0.2119738672495441,0.1263532612861571,-0.3109595430296157,-0.19390189077224043,0.10514653129020611,-0.29174712373291856,-0.1639887752239656
0.0,0.0,0.0,-0.1612535478326583,-0.06423958154279821,-0.09411745168203055,-0.33343207523374735,-0.27568248366630005,-0.1664646158555185,-0.3962577707196627,-0.4953799173819182,-0.23669241662483362,-0.2727525985853858,-0.5839262628136775,-0.297965598006693,-0.21691767131515913,-0.8954511365600822,-0.07969921151230554,-0.24250832572958803,-1.0866067957148562,-0.19217260554763715,-0.28530787722606665,-1.1536966770061257,-0.2647047917700995,-0.3234106015392003,-1.1340158336470103,-0.3064852447752713,-0.04775858557557569,-0.9950452556346915,-0.08720124278192314,-0.11080641831190637,-0.7902540992898355,-0.2082133085888105,-0.1415710425988516,-0.4671193689494053,-0.22944426556631647,-0.13988904075842507,-0.3216394124236694,-0.21596122229757622,0.10648757529448005,-0.9286638869201832,-0.11347813026553168,0.03941080434799826,-0.6257707903208395,-0.21719682613062202,-0.004452716256454656,-0.3714605691439991,-0.18836850513427483,-0.010721492245107683,-0.30599009241311403,-0.14440030950585753,0.24496125277407435,-0.7783508294864085,-0.1528608443149269,0.17623737935568515,-0.5016036381011603,-0.21191439585289976,0.119633927367064,-0.3159779593083463,-0.19096542669629193,0.10155827030708448,-0.28210119768266484,-0.15754512665251122
0.0,0.0,0.0,-0.17179831718440905,-0.08867135638853296,-0.09540606539971927,-0.34402723030032994,-0.2863650242432794,-0.1725976048956359,-0.41402688006816807,-0.4827691745808093,-0.24751393040177638,-0.2903406582084774,-0.5558934826987573,-0.3136176660465258,-0.22147917413658635,-0.8914732002847038,-0.09198080223115426,-0.2635165749248747,-1.080511246670821,-0.20265504788035874,-0.3084553901269003,-1.1366623939822718,-0.2707611917692264,-0.3535022326913571,-1.1087990912558772,-0.3075315018798902,-0.05118188863961808,-0.9937075717567545,-0.09962768745974387,-0.1282371819354895,-0.76915519888929,-0.21834223847795048,-0.1573300290199228,-0.45030231702072454,-0.240130137206253,-0.1588670067649151,-0.28338169065628,-0.22698501869049373,0.10388770092964396,-0.9290194249665947,-0.12398207557541964,0.01999244045104831,-0.588918260909997,-0.2270828061562671,-0.015580724050817452,-0.3302055927922179,-0.19803706732620396,-0.018850680149346124,-0.2318849902284212,-0.15164269692928461,0.24377916229266555,-0.7786544175717202,-0.16099634590299228,0.16487548487953974,-0.5042285925595128,-0.2163707627623042,0.1146418154001754,-0.31214156373392027,-0.1883089290141035,0.09738941048343575,-0.243937892515222,-0.14775740108240693
0.0,0.0,0.0,-0.16737613230252996,-0.10173524364582832,-0.08101963142116547,-0.3399485316257703,-0.28811654102721923,-0.14689446713499504,-0.4163434353318715,-0.45827972605412015,-0.2095684725571717,-0.308663617635887,-0.5295486457201771,-0.2633576913781873,-0.20561654485220257,-0.9132613648211227,-0.08113434681687876,-0.2537792605547469,-1.0198053304587196,-0.18044818674277058,-0.32461911251018966,-1.0086740162368948,-0.24680425191261607,-0.3975750933400378,-0.9354420264126401,-0.2828245940698008,-0.046430446943772165,-0.9949233577842066,-0.08928452123409152,-0.14485609918288536,-0.7175978606913415,-0.18646950360637476,-0.17287510147015045,-0.4114831245537828,-0.21158688382194893,-0.17450059761890804,-0.2338436998034355,-0.209011309171117,0.09717260196232573,-0.9165046277882833,-0.11138687841780145,-0.009735540961280527,-0.5658761388830226,-0.19397373968337295,-0.03879818259828424,-0.3273578119818772,-0.17235403873613683,-0.03984343971484129,-0.21681472676918812,-0.13848266387287275,0.22281322637995774,-0.759569742283595,-0.1449197580432983,0.1281350410997407,-0.495585608638362,-0.18974804287776997,0.08276315291081024,-0.3152887322609847,-0.1653380199690507,0.06908870925045583,-0.23661475461149112,-0.13143014424194643
0.0,0.0,0.0,-0.17146115878429455,-0.10565209529863051,-0.08269720127050144,-0.3416926369038695,-0.2739702678319296,-0.15275706730302788,-0.4304364723136624,-0.44385933049495396,-0.21877531648285573,-0.32879946743762944,-0.515088292268732,-0.2756360303818129,-0.22881174214175215,-0.9143261078800837,-0.08367135170882471,-0.2939962742915691,-0.9307470610424542,-0.17095704104668533,-0.3531038150457077,-0.9174110342524087,-0.22797698890072018,-0.40453711474495735,-0.899548232055637,-0.2642051471995505,-0.07547336287444803,-0.9929438352815787,-0.09146754327481943,-0.18428515602119866,-0.6302711664636551,-0.17528482784847255,-0.20018270885300263,-0.36137243764781657,-0.1931316937283984,-0.1850704288015548,-0.25937587500684217,-0.19137402565812836,0.06512302658101767,-0.9087489138375895,-0.11210324306718876,-0.05641197736636936,-0.4969951456868494,-0.18164380591006754,-0.07663611100841547,-0.29717699084947496,-0.15669518962237314,-0.06591002220643821,-0.2549655639264699,-0.12717123523269971,0.1874346890834388,-0.74636198000752,-0.1454417594817446,0.06995388414161136,-0.41280832161466285,-0.18586193362350534,0.04090964519234007,-0.25941860156443947,-0.16554631690853927,0.045591304370356224,-0.235010538683484,-0.13735380948798356
0.0,0.0,0.0,-0.19320316478329252,-0.08288237542607291,-0.10800489076239592,-0.3715136807058621,-0.2118517262091795,-0.19274774663271957,-0.46048133172403266,-0.3426371265776431,-0.2682745461976577,-0.3822441149914772,-0.4109309057749369,-0.3257205244573044,-0.26151599219511706,-0.9588414756435757,-0.11657175786005325,-0.3761352088313532,-0.7832327512820435,-0.2118800159025987,-0.3778524233413148,-0.5362988861107705,-0.2563896283813553,-0.35495440292376634,-0.42986213551645486,-0.2790017683433224,-0.10076523456785079,-0.9880177696004485,-0.11690703339081517,-0.2336621115470353,-0.5869180786251652,-0.20142618505298807,-0.24142569656941618,-0.31620701011566704,-0.21520534447679562,-0.2205073427120385,-0.2628330144997957,-0.21387560838741843,0.044536342874147664,-0.8826362182110821,-0.13156896973804114,-0.09031495279594755,-0.4669924966410161,-0.2023353554340405,-0.10578066539382698,-0.259673886089883,-0.17648577149616843,-0.09139531002008831,-0.24138670163966924,-0.1494866345501202,0.1701420664913416,-0.712095217415417,-0.16054630194938777,0.060146174981967365,-0.3872137222824973,-0.19934898624341568,0.030967005822901225,-0.22965857219297142,-0.17868692970655212,0.03091417398259893,-0.21237231750630786,-0.15086956188007386
0.0,0.0,0.0,-0.19258957301434845,-0.0753028867998431,-0.09439928020479646,-0.36835030222670107,-0.19570548334277366,-0.17632471406074313,-0.47127369479126124,-0.31683971162235874,-0.25606425615974515,-0.454529125655699,-0.36900516706230585,-0.3231842183118474,-0.29626852831772416,-0.9114736871295115,-0.09935709759586922,-0.4131554260255404,-0.8856747529410468,-0.196065714477177,-0.47105596959513013,-0.8108052518979855,-0.24454180708397502,-0.49856911431485845,-0.750282902809294,-0.27046834982219803,-0.1375961300484461,-0.9843525041810496,-0.11007930099790664,-0.28029472514587955,-0.5246963255447312,-0.20427984327479434,-0.28195656901359095,-0.25446970147270603,-0.2167961093314825,-0.24508105316608852,-0.2053713558861892,-0.2091998930867214,0.013408493587256208,-0.88910505094492,-0.13550026612282898,-0.1335944910988632,-0.4027627079459025,-0.2145952782945124,-0.1350097048737157,-0.21905707371024344,-0.17885282501403127,-0.10328545455019555,-0.22819665190025232,-0.1410048541243045,0.14548378836070083,-0.7198263386708341,-0.17565136135288062,0.022389470233531612,-0.34715362821852586,-0.2254802477038946,0.00574212665968993,-0.21376991763281378,-0.20217030197253827,0.023545103020238076,-0.22761217236512093,-0.1684554966972124
0.0,0.0,0.0,-0.1880076857931309,-0.08275018884854629,-0.09575709732694376,-0.3679359473198084,-0.22468835982431345,-0.17134097289624148,-0.4756816067139006,-0.3382267081607718,-0.24061849114408132,-0.4539396282247958,-0.3861637468602228,-0.2964082668079321,-0.31170749515647783,-0.9127110772484213,-0.09689971138982328,-0.40881116598224954,-0.849548951957107,-0.1999015399898155,-0.4919818748480887,-0.7815710826491311,-0.2559822867169765,-0.5608692039845284,-0.7374031146714662,-0.2884845863687323,-0.15747731563789133,-0.9818623647153423,-0.10558026243138552,-0.31223587916575907,-0.4832488172229047,-0.20966337146926342,-0.30676276300381616,-0.20041466202238503,-0.22073083394705645,-0.26613215445145616,-0.15990883547115547,-0.20846244986175452,-0.0089239226785985,-0.8809786872171236,-0.13064769293432496,-0.1583381712411958,-0.34932323970399676,-0.2155685044171426,-0.1529367463113631,-0.17857883999085697,-0.1705272260034761,-0.12151224535251759,-0.22940764314796638,-0.12344126364375788,0.12034780028129421,-0.7078156664843196,-0.17116090358899216,-0.009196667157473904,-0.3089288289919788,-0.22953630719424478,-0.01577038861028653,-0.18537763639402324,-0.2046381152012655,0.0062777964973227225,-0.23698691124359655,-0.16733120610654445
0.0,0.0,0.0,-0.19931282255506194,-0.0671369076682932,-0.10558866453625476,-0.39779919357177707,-0.18286994546264193,-0.18800228037067396,-0.5186909262750614,-0.26240479571303127,-0.2614909261680292,-0.4698817509765028,-0.3118839035439715,-0.32284535318785984,-0.3384334642955474,-0.9017042391052407,-0.11452320991101238,-0.4489130771225557,-0.7908579858669988,-0.22500106847767984,-0.5412478879498149,-0.7160050615484704,-0.29157147187951954,-0.6222710331815833,-0.6812141806334885,-0.3339002145612346,-0.17321761523176116,-0.9774479378412797,-0.12079398405239973,-0.33137685461564886,-0.43748913886525176,-0.23601343776724337,-0.3126629900531159,-0.11739919528250642,-0.256050867392206,-0.2667524375910562,-0.049836392187022696,-0.25032615551135606,-0.013126545376987772,-0.87587684886064,-0.1432908988575702,-0.16998665751958264,-0.30007617210765697,-0.2388919353392767,-0.15444001254351136,-0.09996184749465113,-0.20126235663374398,-0.11963938573774698,-0.13448803001598336,-0.15748496038140725,0.1275312182576965,-0.6974847503768759,-0.18091093877249964,-0.01124636812724876,-0.27484893381743597,-0.24360733840597518,-0.02097588581312607,-0.1298639946753698,-0.2191789951479138,-0.005428461165792193,-0.1651988912138249,-0.18259126434938225
0.0,0.0,0.0,-0.22408857284045253,-0.05605489359025521,-0.1157719213381966,-0.45620252880224016,-0.1524518902379001,-0.2027217166369591,-0.5997719820836138,-0.19849235410847366,-0.28009606820879857,-0.5322695473115979,-0.2510221158725275,-0.3450172545634882,-0.3843050751477728,-0.8800540473017566,-0.12973450434984105,-0.5040801965995925,-0.7506943577028412,-0.24272837212909262,-0.6010904158823114,-0.679088064167756,-0.3088824460309018,-0.6847176389160646,-0.6510853598228298,-0.3523060877953742,-0.2050504380668291,-0.96925437891116,-0.13601568589741064,-0.35933624692691685,-0.3932376129993128,-0.2590859036879526,-0.35061735653956383,-0.05307758630461214,-0.276544936276732,-0.30710216257605794,0.01977383767048267,-0.26780027678149293,-0.029944114026702447,-0.8666391219987968,-0.16007385591871262,-0.18124635298927044,-0.2624824902753469,-0.2654011574374333,-0.17702843255743045,-0.06494246383520517,-0.2253573754367766,-0.14213048987049182,-0.11844898772048686,-0.1779192582939095,0.1251356092209673,-0.6862641960523035,-0.20003096234433812,-0.009368251372928618,-0.25268098935947303,-0.26697361201376885,-0.038714234632522215,-0.08595260268960901,-0.24047455051386082,-0.03312552086006477,-0.11396290430140205,-0.20245681328786322
0.0,0.0,0.0,-0.22460892565305426,-0.09065549184976317,-0.11183948152576689,-0.446328853830897,-0.17275444157516887,-0.19679483266601644,-0.5803610063571978,-0.199903654488739,-0.2733713690313393,-0.5076930478264822,-0.2269513670333638,-0.3381369695540788,-0.36629540610239586,-0.8940060963306088,-0.12761077513816732,-0.4811015784232289,-0.7582459966416014,-0.23970571547213582,-0.5876877464161374,-0.6792591824770445,-0.30902655186640315,-0.6806624911851685,-0.6323629609110057,-0.35337804324067723,-0.18653937144175248,-0.9731462797901251,-0.13486801337884244,-0.33914680341148473,-0.35735208451601524,-0.24863411202931532,-0.3432891982282617,-0.05766563445944696,-0.2671721678905484,-0.3135132818790692,-0.009935848741227825,-0.26181794715084966,-0.010993974831916447,-0.8586646442200982,-0.15907543184422632,-0.162821847354789,-0.22354429052066974,-0.2578655604145157,-0.17597499336176498,-0.06559608813568071,-0.22308691157720276,-0.1610847468521975,-0.1479513313778622,-0.17932438677263046,0.14106863000711423,-0.6703275568249613,-0.19884488840186532,0.008203630019908273,-0.22300098894661566,-0.26216877432788066,-0.031201701591922575,-0.09050802137384059,-0.23742086385526848,-0.03662068221130658,-0.13846847125715794,-0.20033619630260446
0.0,0.0,0.0,-0.2399934459908956,-0.08536865016078533,-0.10689607060012386,-0.4864707214177805,-0.17096610222099518,-0.18775112841277014,-0.6325065386284536,-0.1740987135925715,-0.2625406151396942,-0.5651907017497454,-0.16504944822518333,-0.32545907161061954,-0.4005501349677174,-0.8912694672655711,-0.12173929870088623,-0.5016051299845905,-0.7633631956812943,-0.23255753208544466,-0.6076764885965849,-0.6855134567200767,-0.29809822252025964,-0.7047798215400018,-0.6364635666001139,-0.34062387799075594,-0.21144021383110298,-0.968123939427885,-0.13427238689205717,-0.3697939869591976,-0.2882262171323321,-0.24604965384789584,-0.3591574889030251,0.0028763360733466696,-0.2589569195355869,-0.31576486525968606,0.019484649558869537,-0.25029139637826775,-0.02516219913070493,-0.8439971919026755,-0.16418010590602955,-0.18328920940069263,-0.14766222095634765,-0.2596292665805655,-0.18765640663107727,-0.00796041730380429,-0.21544467660653213,-0.1676903286853324,-0.12683674075422785,-0.16601643700419552,0.1374043406774592,-0.6488188691690362,-0.21067113331989354,-0.009300604039270046,-0.16236521130754483,-0.27117877221617226,-0.039421751654312075,-0.03940930277047847,-0.23902789311694161,-0.035794833740170444,-0.11422559215893222,-0.19661936178949616
0.0,0.0,0.0,-0.2243789562417893,-0.07738107173701189,-0.1138630185400322,-0.4719372858920863,-0.13899194241264412,-0.20000178869309904,-0.6235169089214226,-0.15565902285958083,-0.2808015662995287,-0.5671450211950778,-0.19885562305448928,-0.34991655241349434,-0.4017121689929869,-0.8725651147721744,-0.1289962951002624,-0.4955504384649548,-0.7576985810429957,-0.24680892130389143,-0.5897545743593482,-0.6668694928267759,-0.31910963485313604,-0.6780196870725063,-0.6007522344307319,-0.3655387468166565,-0.2044175688209797,-0.9688244195951309,-0.13997393169257558,-0.34452080084729053,-0.2864328767100464,-0.2598960031193143,-0.341453839861896,0.028031145930761364,-0.2750197395562726,-0.30917911774221185,0.06011140045290408,-0.2672712460449755,-0.01101717150993975,-0.8561873641654822,-0.16965821389944388,-0.15302896718063608,-0.15093208042488426,-0.2742319248003235,-0.16705176261222257,0.0008354345238061198,-0.23249121748540139,-0.15817308788722034,-0.10056432587363019,-0.18429371970573985,0.15774599219905003,-0.6683301557683983,-0.21627958360144287,0.02498606793999036,-0.17370699572586673,-0.2840749065618041,-0.01846083921805074,-0.031022324919996486,-0.25481777394210764,-0.029798817585132042,-0.08153172604728684,-0.21402556778146356
0.0,0.0,0.0,-0.2237602160188193,-0.08771663103172737,-0.10261426567268546,-0.43973790033824145,-0.15297294524980679,-0.19050176410166345,-0.5608285759976547,-0.17993145128087767,-0.27443286229064606,-0.5209871171376584,-0.2027981452157314,-0.34739103674138644,-0.39948531897664313,-0.8934949485616457,-0.12832563315896522,-0.48393065732248597,-0.7804353978246601,-0.23647723377755092,-0.5739953888539192,-0.7079070038484433,-0.3103105264755694,-0.656339170781552,-0.6411405801688133,-0.35762444956588996,-0.20507894759345413,-0.9680714055770603,-0.1441540112449739,-0.3278913335402689,-0.29898743724584625,-0.23897004141695366,-0.34918148268802446,-0.123363497170106,-0.26287451768959996,-0.3462932716195823,-0.13069899246626593,-0.27133701386747955,-0.014079759334769426,-0.8458487409940335,-0.17495952436483178,-0.15052583885910653,-0.1437162179904942,-0.25428613411927675,-0.15991284838020695,-0.07828605029062505,-0.21868502315437782,-0.15219642845769388,-0.18149591691787625,-0.18287936202825097,0.14710226260232429,-0.6509710670578537,-0.2227666299865042,0.013190000510473388,-0.14122705027355448,-0.2812645114307569,-0.002509012034960367,-0.08528354508310693,-0.2548290218140404,0.006105578977096643,-0.17662348974647668,-0.21838985240501477
0.0,0.0,0.0,-0.1840629821597639,-0.10123616457421673,-0.11336434952792833,-0.3787140184233877,-0.17040519505047033,-0.20686060617980387,-0.48942972240505767,-0.17082606859334754,-0.294088315238671,-0.4519810281329193,-0.1483585193276311,-0.36602130825591656,-0.2721544109044593,-0.9127444271050963,-0.15184082854376307,-0.3508091736076991,-0.8511554077372322,-0.2550463692758148,-0.4639908106903355,-0.7372477816570351,-0.3076785172501766,-0.5475345662295105,-0.5647403625604785,-0.33427944604929,-0.07434313119607334,-0.9837832127095819,-0.16322894729421292,-0.18292159788275908,-0.20162367468704612,-0.2530267657787867,-0.24280997373271535,-0.05275234226500944,-0.25789405397318554,-0.25709347380020836,-0.07389224629699777,-0.24458458318945228,0.1192601276396405,-0.8293309589614809,-0.18867880064921574,-0.016271395137585357,-0.04327685200878933,-0.2644267937975692,-0.07180764796804401,-0.045987639666675836,-0.20426819664914428,-0.09146984998531238,-0.16187482432913236,-0.14455554205343682,0.2755366431109428,-0.5948288908176489,-0.23300698797982936,0.1507782444674667,0.013570849450464962,-0.32024574288507507,0.12567183952459324,0.0172891612092969,-0.29454649456460036,0.13730624194416308,-0.1166003116502179,-0.24294192292173916
0.0,0.0,0.0,-0.18768841475134815,-0.08560304427437064,-0.12338724109509205,-0.39700006832593493,-0.1786907437581404,-0.22995596490795187,-0.46923607157779934,-0.18674767212993273,-0.3299780167881907,-0.3645076963996104,-0.14248551701091763,-0.4135923640940403,-0.2548486557467731,-0.9311798366404819,-0.18013325305279376,-0.30556189015094837,-0.8545899753507934,-0.3048510665521824,-0.38026907296769263,-0.7082119030638974,-0.3665393034012561,-0.4353788830477522,-0.5523149568702546,-0.3984202045559618,-0.03807907531732772,-0.9811678257817242,-0.18936652733189505,-0.15401259719853985,-0.2896525530488028,-0.3085943189102199,-0.23456398246476204,-0.033290165580152964,-0.3222965084408312,-0.2660774284060419,0.002039946201892151,-0.3107015036290029,0.1587764491033329,-0.8352324418669047,-0.21346404811830846,0.04459124798429461,-0.13584543007579278,-0.32224576633025825,-0.011083198585432297,-0.010130046370837392,-0.2731584272786206,-0.031789559389523825,-0.06098265005225933,-0.21490283007368635,0.3178438077083161,-0.6177827202728134,-0.25526764208089303,0.22573694337777245,-0.10481190128612791,-0.3543191951637632,0.16786957850561376,0.038034925803131406,-0.33012675292182775,0.1460334674301421,0.01797768218073696,-0.2781114956486483
0.0,0.0,0.0,-0.20038269604735762,-0.05629748599207361,-0.1588764361978148,-0.43614776293732266,-0.174036301798657,-0.2866104358664435,-0.5095416496669078,-0.207520592111422,-0.40382953486254725,-0.32747107601610775,-0.1927882145644726,-0.49689975188056423,-0.24960298808307135,-0.8922034179089202,-0.21740634417066446,-0.2923840581165209,-0.9258791717866978,-0.3798749956008267,-0.3452318409284561,-0.8063953503305702,-0.4519881098454713,-0.37341201466010276,-0.6119096361138873,-0.4818353721931561,-0.021010127144134052,-0.977279701184904,-0.21090983905292815,-0.13300311656610522,-0.33042724466838796,-0.36126212185246065,-0.20760624686419077,-0.020215961229107057,-0.350864426632954,-0.21871521243266956,0.02131579704617163,-0.3099854559447779,0.1788811937388806,-0.8361986456377931,-0.22885675909498093,0.07833379066447668,-0.14930751075210502,-0.36149524313862025,-0.005420962140217486,0.009726253130925752,-0.28233333656607235,-0.03150727304997875,-0.042800264375806696,-0.19369899204911206,0.33977848833551094,-0.6094518005750545,-0.26912873869727216,0.25825627747623253,-0.10684170779187162,-0.38337625358488997,0.16164707359495645,0.05215798613347521,-0.35217504032202795,0.11038306395676539,0.040054513701616695,-0.28853805768882007
0.0,0.0,0.0,-0.17086327055211314,-0.02977813173535491,-0.1812149563043255,-0.37156103592586776,-0.13825075544256668,-0.3225248484104418,-0.41634381075253046,-0.20196757965235015,-0.4464441651926046,-0.23131849235235027,-0.2079567606772493,-0.549247885081671,-0.19145246472980393,-0.8667710596485522,-0.2788126980836986,-0.20720671493756074,-0.9037393228387871,-0.4600754515068226,-0.23523715237479337,-0.766534903134248,-0.5396447227021247,-0.2569915491884389,-0.5866513456600907,-0.5771004059673474,0.030427952064798546,-0.96337673160882,-0.2664196177608736,-0.05587599517898062,-0.3831488039808165,-0.4581364352343843,-0.14437919934603374,0.00574157820615401,-0.47156469381657984,-0.1838462991321785,0.12216380950758544,-0.44746053748057807,0.21954343217409913,-0.8360957240766282,-0.27568079108330673,0.13566923836599531,-0.18381713068674618,-0.44784422315940414,0.02787735792661783,0.09036494050746724,-0.3982625262963583,-0.02635599322012087,0.11064775635230863,-0.33108902199122353,0.37339842867648493,-0.610017024944348,-0.30532837757698045,0.2917728369061083,-0.06783966335025286,-0.44331872788499666,0.18164989325996184,0.15875858500931464,-0.433370204532183,0.1153923439348883,0.17480254586681668,-0.39045426504109454
0.0,0.0,0.0,-0.17057258513910678,-0.045975308219631486,-0.1692458611418226,-0.3824428464819926,-0.1913878306508367,-0.3017850781431295,-0.4442745895753984,-0.2940256212769677,-0.4203414623430599,-0.2702647259563682,-0.29323762686687604,-0.5158362365976735,-0.20439060625260233,-0.8724853316514587,-0.2405427036661923,-0.22634922471069321,-0.9827405462143513,-0.40604281886899907,-0.2544169694351279,-0.8651024401919299,-0.4748751719928089,-0.2729953695812067,-0.6632578456140041,-0.5035034298115365,0.016086194257113263,-0.9742943396105881,-0.2247037475368186,-0.06847936113448735,-0.4739797224641948,-0.3940669364506765,-0.1399386515703538,-0.12175598429982763,-0.39426021963352076,-0.16674846909497806,0.004331365749743865,-0.35940925760965997,0.20299469324750055,-0.8653037779707198,-0.2320067574732567,0.11179800868463309,-0.24320345316706982,-0.3779451609481736,0.04221150672561443,-0.0233339203759243,-0.3166569268020643,0.01794466345227986,-0.013670140911634016,-0.24282313063347535,0.3624411965203298,-0.664384512731737,-0.26068003424575464,0.27108070805338214,-0.16998289108441814,-0.3715763078623967,0.18797550243444863,0.013113858514201474,-0.3532015506824997,0.14499053753923707,0.008276110894095847,-0.3058966374950969
0.0,0.0,0.0,-0.1647025626283622,-0.049203716718733116,-0.17584502610644184,-0.3595380585454646,-0.1886887421251591,-0.3095942685881657,-0.42475235251752014,-0.29432418269148214,-0.43008500003958783,-0.25819940835686456,-0.324901157373804,-0.5206984512715617,-0.19615403126047315,-0.9004858416823192,-0.22658246524808007,-0.22332417988356404,-0.9619826478668658,-0.39442185418999964,-0.26629563766441466,-0.810976797075554,-0.4470810815910947,-0.2933798630234933,-0.604003542556777,-0.46016582536347383,0.013687304180406767,-0.9776921801075905,-0.20959641853032643,-0.08586619089529608,-0.441664183277307,-0.37795612928178013,-0.1600673056705033,-0.10068868564404011,-0.3616233397884117,-0.1777118883533145,-0.05889611177016075,-0.3121261303147754,0.19473535663860636,-0.8527543186988035,-0.21964748049129432,0.0962231846238405,-0.23963162096875368,-0.3677230030323775,0.019756078951725792,-0.021483742829578302,-0.2882134350693174,-0.00426626775839014,-0.04777626161733223,-0.20002135786314912,0.34439382193950674,-0.6365412819426781,-0.25304821557997553,0.2674189118676699,-0.14178822881183512,-0.3719659345758154,0.18244728458966944,0.036718292939315465,-0.3513209888655393,0.14048140077450985,0.01269155598943248,-0.29939263185613985
0.0,0.0,0.0,-0.1612686842515393,-0.06163441099253084,-0.17279340367121418,-0.3499534942806185,-0.19894346141818223,-0.3068275398232937,-0.4163652606733722,-0.3226052997960365,-0.42479243627246266,-0.24733660627672477,-0.35761864793827486,-0.5165496553904946,-0.1957550004895001,-0.8853540823434773,-0.24332745538651718,-0.22137228100185596,-0.9668229942662658,-0.4076169529083248,-0.25145147764773895,-0.8331686884478474,-0.4709762748811814,-0.2691831869536869,-0.624703558338483,-0.4955382088944052,0.014706201388167816,-0.9745074395902003,-0.22387268217467435,-0.07470102597755489,-0.45493874216588404,-0.39682793461944404,-0.1450636845779592,-0.1129551688240169,-0.3996353851391342,-0.1703854331813744,-0.003047262349966029,-0.36722415440902006,0.19493838836055918,-0.8599307446463638,-0.22710583204305912,0.09884803524293091,-0.24031546590396832,-0.3764184804649521,0.024118687457435867,-0.015509678765600266,-0.31958918229673033,-0.008751028192520978,0.002376158640079922,-0.24961402451963757,0.3456407807150079,-0.6560480009695182,-0.25137423514464236,0.26417063740926544,-0.17305876557433353,-0.3686180029514223,0.18791765844878736,0.007825849133142822,-0.3570742238732235,0.14378386722785225,0.004146066405846829,-0.31539591287764995
0.0,0.0,0.0,-0.17072914951990759,-0.06124316833437198,-0.1677828335063966,-0.36897795261761895,-0.1982716459451349,-0.2952337268244702,-0.42552552815684563,-0.3037110273838199,-0.40769202678871497,-0.245138123867892,-0.3123597136905681,-0.49325327419529424,-0.19051617901801338,-0.8986621683655444,-0.23276566416815023,-0.21532628661918685,-0.9684976630840495,-0.38070272221756446,-0.2512213662728779,-0.8209213405620549,-0.43119085887972786,-0.27486627517089596,-0.6169776234655576,-0.44967904834302286,0.028415861741205486,-0.9761596237759232,-0.2151857981167736,-0.07096077180980816,-0.4140080363951685,-0.3747396449316769,-0.14332477760199822,-0.08528729335091344,-0.37615990430734875,-0.17197525886954446,0.007721309398263927,-0.34627441488704436,0.2146153830498377,-0.8504819064891013,-0.21893928356911482,0.1062380271602871,-0.20400818943221602,-0.3583248975267474,0.03639121776034793,0.012396621160650014,-0.3039725036135803,0.007410048916548908,0.023129343696823446,-0.23759220305243953,0.3701723987048587,-0.6390882188642028,-0.24339770205090194,0.2847704641477169,-0.14661692293020626,-0.35493334845244984,0.2159031218877698,0.023353929449062266,-0.34375132098395167,0.17830635684330343,0.014778254860247237,-0.30316387748901513
0.0,0.0,0.0,-0.17916295105968108,-0.005567411484870382,-0.10792701484039449,-0.3997045643948015,-0.17051351743162957,-0.17574762223566623,-0.5141994877470849,-0.4269256093390729,-0.24193899611099723,-0.43667598291031534,-0.6546616561637161,-0.3022206567627917,-0.3749782720077172,-0.8294164924666811,-0.05330084862624084,-0.4401423323873042,-1.056166244300683,-0.14648670280804588,-0.5068325968930433,-1.2087693458546802,-0.2017636431202821,-0.5589404153830485,-1.3388356232037104,-0.24178183562761155,-0.22202600961532856,-0.9731294386546527,-0.06102087083919918,-0.3030328483665017,-0.9952935851078851,-0.20029883065853535,-0.267833690570456,-0.5737952656450109,-0.2145808236095216,-0.2314329927019167,-0.3760341378669998,-0.1826010468723837,-0.06172384080631309,-0.9929412405259446,-0.08909241693074328,-0.12241467941909422,-0.8668953754872595,-0.2255231835072118,-0.11378418997123606,-0.4923311535788258,-0.1854603388050444,-0.10106633033476314,-0.35188923583757364,-0.11758370862402126,0.1025958006988796,-0.9270990002703552,-0.12904329091269454,0.045866690987683714,-0.8172703333485721,-0.2070951913961503,0.017561690537636152,-0.5486038609718001,-0.17511590459470702,0.004049699577425663,-0.43549404026560806,-0.1283598714466243
0.0,0.0,0.0,-0.17986067995243024,-0.008485720331882097,-0.11353058281276321,-0.40143519506089115,-0.17337816639357786,-0.18467133497833063,-0.5249573457393304,-0.4216034826237197,-0.2545578402671701,-0.45930935376405235,-0.6612391970561954,-0.31717483022079485,-0.3784344209640617,-0.8325769454054179,-0.05639431268364089,-0.4522793029271229,-1.0709146952547497,-0.15294658043399953,-0.5227304283470215,-1.2318817951829168,-0.20869055997551544,-0.5759686828308648,-1.3727131674106654,-0.24937287598709423,-0.22753850732104366,-0.9717090029092961,-0.06330751417591197,-0.32117867815102646,-1.0124666412896557,-0.2041774335707015,-0.284196211844917,-0.5912366003531682,-0.21630578850969406,-0.24195942542936366,-0.412499124906049,-0.18353814932472123,-0.06635832856540475,-0.9893203445424634,-0.0918764400492062,-0.1356428363301124,-0.8832539347941782,-0.230023817819544,-0.1256146202035179,-0.5174419979055291,-0.18563144945853488,-0.10636155271876972,-0.3969908845897676,-0.11567668889690112,0.0993760225100334,-0.9177178846680968,-0.1335687832042201,0.042093478721817165,-0.8345207913408568,-0.21378076564241275,0.00630886095933277,-0.5705464690091302,-0.1803885086887597,-0.010567115073828171,-0.45466857664015603,-0.13306699862395968
0.0,0.0,0.0,-0.18977443116631385,-0.010585936181630708,-0.10574708885364015,-0.412791502350493,-0.18139145294502912,-0.1709964953506822,-0.5365613827825406,-0.4322939009850747,-0.2360855831867892,-0.45718213836884797,-0.6544224912197708,-0.2947906925083698,-0.38516264634273306,-0.8269394658438013,-0.0468566915779886,-0.46322851280660865,-1.0725386146192002,-0.14232528984701723,-0.5338203245341356,-1.2332229881172674,-0.19863194572471732,-0.5872516169036253,-1.3736491386995064,-0.23938938816720684,-0.23947616978274108,-0.9693725018958027,-0.0544804246905218,-0.33083693809411285,-1.0001174157808193,-0.19528971482248342,-0.29396893531033386,-0.5824959797581367,-0.20780491528751183,-0.25434053080374264,-0.39903213730501125,-0.17410689306355248,-0.08436678343986019,-0.9951673547363159,-0.08327056233761321,-0.1517943984163215,-0.8616571556913315,-0.21686242848743745,-0.1385201589164877,-0.4979107029823572,-0.17378117258434522,-0.11822819482655147,-0.3763662013559913,-0.10471611463955983,0.07674897151871161,-0.9339592163123401,-0.12500507691901452,0.017408907154404584,-0.8092093031456883,-0.2002230289243002,-0.011639056475785335,-0.5400750809461937,-0.16845098753886403,-0.02309896600109352,-0.43348594259542755,-0.12240755604320046
0.0,0.0,0.0,-0.1838858594024479,-0.013676356688791342,-0.10999764285494931,-0.4059792848374688,-0.17959393242825308,-0.17886081052539468,-0.5341813333153277,-0.41946666535387594,-0.24768098365314414,-0.46314118285776257,-0.6516314477952306,-0.3094697596067094,-0.38153938842982177,-0.8282243159795377,-0.04922795320990602,-0.4662777931627813,-1.077625236275806,-0.14499567277611972,-0.5417344678623125,-1.242093958197678,-0.19635610631775527,-0.5971541938924688,-1.3831564592874992,-0.23266616435522555,-0.237867789896249,-0.9697289293428742,-0.05517896451907137,-0.33567817792775606,-1.0079152547164423,-0.19569281473355774,-0.29767163174019895,-0.5833057221729776,-0.20215696861278193,-0.25684051585671636,-0.4155879458388804,-0.16302298412099267,-0.08570233649522509,-0.9991184467383382,-0.08327797502006873,-0.15510695620940956,-0.8710140614967288,-0.21732589217641937,-0.14028426086194934,-0.5011396269382766,-0.1691766165361942,-0.11784886953194412,-0.39546056013683506,-0.09620596115771392,0.07168853799688098,-0.9407951007246195,-0.12479922756032504,0.011441270024219593,-0.8078043785204758,-0.19790843991803603,-0.015014956157834854,-0.5336176894361656,-0.163311361650563,-0.022082183258098267,-0.4384352307728887,-0.11545525363697759
0.0,0.0,0.0,-0.1861017727083968,-0.029856222078372734,-0.10330987003486007,-0.4038446075574577,-0.20257726989493535,-0.17141810574794292,-0.5259184407876042,-0.44739794109756975,-0.24184445524124246,-0.44867092147765797,-0.6751116538739379,-0.3060404819175678,-0.3751290826008507,-0.8377152189289697,-0.04415208971691695,-0.4625506057008837,-1.0908495102796467,-0.1392056701244565,-0.5403497789955366,-1.2595004974151458,-0.19153129687896814,-0.5987079049670766,-1.4029122761627468,-0.2292149844654226,-0.23147558626304246,-0.9712479527550409,-0.055645909403319746,-0.3310184101756743,-1.0060680767707124,-0.1973868535723643,-0.2978347721879607,-0.590808517270095,-0.20618937515116567,-0.25935411896699095,-0.42402403597702515,-0.16938442830437125,-0.07888498926296593,-0.995119942606922,-0.08875811716466439,-0.15401357128960147,-0.8695761336584656,-0.22006763814930197,-0.1413867516451984,-0.5126330473017677,-0.1716375210367472,-0.11778435726027865,-0.4108167005460996,-0.10012801353936443,0.08032217580338501,-0.9345569498966652,-0.13532767981485183,0.01316120027802304,-0.8073759989702097,-0.2032651908640687,-0.01517627880479958,-0.5445782516115666,-0.1664325574592824,-0.020123672666059647,-0.45733777072292364,-0.11862989755807846
0.0,0.0,0.0,-0.18271556230604266,-0.019839040952778574,-0.10090021933708587,-0.40508935416907144,-0.19047128586702564,-0.16866981078603407,-0.5302917900340716,-0.4393076039022362,-0.2384659234323849,-0.44467035590853937,-0.6477958778070357,-0.3027464918896804,-0.3808546541903795,-0.8372653836230914,-0.051071622062751745,-0.4697916486849539,-1.0898403788411195,-0.14597609482575086,-0.5468085077298331,-1.2508127109141371,-0.19934858856483123,-0.6065789116507072,-1.3939156386176041,-0.23839229521653071,-0.23224586304475647,-0.9706114273980782,-0.06305010787351127,-0.3336918005581827,-0.9999330190010063,-0.20133776389497005,-0.29784238587704265,-0.596051058493105,-0.21187415247166944,-0.25803450015390555,-0.43628481113519785,-0.1781183970129072,-0.07567867985658447,-0.9895103178435276,-0.09508776936759855,-0.15606760210874665,-0.8514073459301698,-0.2252055772010316,-0.1419462557021075,-0.5047843581700663,-0.18103682860139964,-0.11742446022100343,-0.4087511307708857,-0.11283803919344074,0.08573051296383466,-0.9249863672282698,-0.1397548650922976,0.012309765060111545,-0.8070218576788307,-0.20886412192871248,-0.014990268432556705,-0.5480731677811121,-0.17330849746368535,-0.019509186545751872,-0.4537252084337049,-0.1261450848024423
0.0,0.0,0.0,-0.1783594749046626,-0.019022725234718124,-0.10606141596588724,-0.39118511424785546,-0.17505435421033083,-0.18005279883743217,-0.5126987730487113,-0.3966475281309857,-0.2552784054063041,-0.43263823092242615,-0.6086120836526985,-0.3247189581494034,-0.3730309345661727,-0.8293982180075665,-0.059290483106111236,-0.463334089002235,-1.059754129678255,-0.1604895111250954,-0.543623173306442,-1.2158004689246482,-0.21816151413084076,-0.6056258986842726,-1.3513409038954622,-0.2591906445588235,-0.2267714024276938,-0.9714658559544503,-0.06948972410122331,-0.3245183802633102,-0.9440060442540044,-0.21234580058308827,-0.284670601834777,-0.5328030229742856,-0.22410808779574407,-0.24323219543098673,-0.38437127418389766,-0.1908391581852596,-0.07158870531074257,-0.9935805095533492,-0.10044942767637505,-0.1502833241777499,-0.8013815479407659,-0.231468339801879,-0.13456934390697609,-0.4563799683850378,-0.1855172113986576,-0.10803990353530925,-0.3773335821732813,-0.11680412418411625,0.0875120404497247,-0.9311130248957893,-0.1451850333469799,0.009047669299280523,-0.7564383662254575,-0.21403732182858926,-0.012913059437249259,-0.49466355468725276,-0.17815614659676396,-0.008643456641314128,-0.4202502641943389,-0.13074886128052834
0.0,0.0,0.0,-0.17805150561553829,-0.007267507445260082,-0.10203031245171763,-0.38842030151816126,-0.15962560242176582,-0.17104233360891183,-0.5043303874153048,-0.37249251827958463,-0.24027771867101616,-0.43095987840345856,-0.5756087895479645,-0.3041185795559238,-0.3770833781904889,-0.8226605714323073,-0.06180940470586183,-0.4706342564636442,-1.0441816433437314,-0.15819992793410642,-0.5508967530305435,-1.2005363504026374,-0.21646232953403338,-0.6146731983793536,-1.3376178868560367,-0.25906613730810946,-0.230461378552903,-0.9704160945822546,-0.07197330318402854,-0.3253542735396136,-0.9102614800149132,-0.2086007720966823,-0.2861472114653023,-0.513173094759666,-0.2246430234838648,-0.24220579213513546,-0.35883558052486186,-0.19748415939861164,-0.07458633247204739,-0.9868925441397626,-0.10104596418936278,-0.15453503410961944,-0.7793947502637015,-0.2256236062598241,-0.13957459179642023,-0.450719673828756,-0.18444236099761382,-0.11035473390521018,-0.37034216836038836,-0.12151650671227777,0.0838174322625598,-0.9175927171633723,-0.1432335373394207,0.00416184505460145,-0.7369876973969769,-0.20931431528227135,-0.018843522672682106,-0.4880515632453658,-0.17467912082320902,-0.012706689895435134,-0.41226702794297526,-0.12867449191925887
0.0,0.0,0.0,-0.17754558963653308,0.004845964425841454,-0.10294913968833111,-0.38634158764452464,-0.14723324519513967,-0.16810542909452392,-0.5014964865585532,-0.3475709355439154,-0.2321340608272953,-0.4328586089028648,-0.5466494135107187,-0.290864451056584,-0.3833297983091324,-0.8158611756084861,-0.06427370726465695,-0.48077097928079193,-1.027045125266715,-0.1576818832703276,-0.565773268923987,-1.1766273060362884,-0.21437528298824093,-0.6295025676450852,-1.308919282073422,-0.2556081300311821,-0.23758377879918088,-0.9688394330837291,-0.0700292863986236,-0.3260875514818686,-0.8603731691218517,-0.2021697801616076,-0.2849415335619264,-0.4742781588811265,-0.21878955341406586,-0.23618003912565774,-0.32781285913499586,-0.19381213292914484,-0.08342685825975289,-0.9839902563262914,-0.09427967849521504,-0.15671037586605632,-0.7485153383770455,-0.21627304274523776,-0.14345351041073842,-0.4255915501387383,-0.1782111826883874,-0.11237112288185197,-0.3489534890687496,-0.11821703082366403,0.07171763047796362,-0.9139737057769645,-0.13150715695919457,-0.0008747152478468903,-0.7242356973338422,-0.19730615624177858,-0.0266299400826519,-0.46931493646402694,-0.16488185693368626,-0.022805315834692103,-0.38660777796815,-0.12027044846641755
0.0,0.0,0.0,-0.17819814313676818,-0.005213098041753021,-0.10452952845384611,-0.3811053693628561,-0.15511312926058524,-0.17594064269485155,-0.5008666909172756,-0.34387698103441083,-0.24747354766004276,-0.43424218689347177,-0.5426007244895255,-0.31379743159060774,-0.3826307487002529,-0.81841125614084,-0.06653859512469729,-0.49203268448150206,-1.0211761290600236,-0.16772788008374873,-0.585096079960341,-1.173448294541578,-0.227617313002099,-0.6532021946772901,-1.3063957618814346,-0.26997823245081765,-0.23950601944107047,-0.9680801342072194,-0.0738763859756665,-0.3392436071028148,-0.8516215566713006,-0.21060836806005045,-0.29569717289144254,-0.46112854960812527,-0.22449827103374978,-0.2460134488808546,-0.334398965292236,-0.19656961487131583,-0.0854149301089907,-0.9845893301369755,-0.10076503049914738,-0.1665034980746682,-0.7296213006224815,-0.22576556266838518,-0.14832246619021258,-0.4067075011358442,-0.18173593735430943,-0.11516056367983778,-0.3494269713811952,-0.11700203359664692,0.06958225432956312,-0.9136491957047469,-0.1414001725585519,-0.007942115096063787,-0.709018999963608,-0.20535580195898298,-0.029588024366307107,-0.45620310414662074,-0.167946210391206,-0.022873745997200164,-0.391120392701808,-0.11996083603327763
0.0,0.0,0.0,-0.17083234806964698,-0.014575105877724807,-0.10270697270926904,-0.37021099500962645,-0.16037368431408233,-0.17734909062061513,-0.49065328995239077,-0.34827096179157624,-0.25141298596255013,-0.42454941529047124,-0.5334373051207709,-0.320473745586654,-0.37473817227226314,-0.8173913380401567,-0.07525986941018764,-0.4898634305751062,-1.006791682996004,-0.17769406010243827,-0.588912168379579,-1.1539349644815524,-0.23878107257977849,-0.6618370768922343,-1.278928816338149,-0.2822267990012578,-0.23185440840423704,-0.9691324564553655,-0.08382013569728029,-0.33981287568451973,-0.8376313038017626,-0.21829904064163286,-0.29343224214319424,-0.45503069401901947,-0.2301108783421427,-0.2400833671115005,-0.33609064012575457,-0.20191595377725247,-0.07800000810554528,-0.981950781196535,-0.11114769735391444,-0.1684107049199863,-0.7145090033888317,-0.23285826358981834,-0.14864789851800334,-0.40394375476093597,-0.1883106750727385,-0.11258213011163297,-0.35224525815083507,-0.12507436649200868,0.07460503837299479,-0.9074990453759716,-0.15219745157201287,-0.010172925979267335,-0.6907127076609165,-0.2172911848281836,-0.031087774203834382,-0.4467033902781208,-0.18186462040158968,-0.02081009836731272,-0.3839447963139003,-0.13569582381887574
0.0,0.0,0.0,-0.17426976211989248,-0.015375275665030224,-0.09834961662820035,-0.36440299318822805,-0.16033462084213507,-0.17134660098442536,-0.4805143395734586,-0.33557565541526213,-0.24413942353344895,-0.4299599970552322,-0.5144247994092298,-0.31179896735062196,-0.36367085668651644,-0.8272495022560078,-0.0726750148166335,-0.48232494034927564,-0.9946740233341222,-0.17967118887943642,-0.5856025209597427,-1.1272915804639339,-0.24592550213459632,-0.6621208090512403,-1.240818560687004,-0.2915069061673392,-0.2240086080848713,-0.9711047103087795,-0.08231515729183657,-0.33961969187861385,-0.8211812996332718,-0.21534964892481015,-0.2938688316920276,-0.4453781289921564,-0.22697691859171334,-0.2402360996387337,-0.32803663372370634,-0.19951135420051958,-0.07285484396160048,-0.9781817229785092,-0.11106320712621341,-0.1714398162230839,-0.6960612375926557,-0.2287646848503458,-0.15074013461601718,-0.3901923429234967,-0.1823494757376989,-0.1130030904267907,-0.33932266416123885,-0.11875745495054511,0.07620131533111699,-0.8963551895439232,-0.15372383860476863,-0.015268492973246643,-0.6751684470563865,-0.21407417620988894,-0.04045427502248569,-0.43253229390931774,-0.17648884220034447,-0.03240568305270596,-0.3699353389888814,-0.1293439257899418
0.0,0.0,0.0,-0.17879377867857135,-0.008931738197453779,-0.09794741315635641,-0.36799305803784976,-0.1421369800674411,-0.17331896323981794,-0.4851801339784736,-0.30600741128368136,-0.24841820188305158,-0.43908620151800376,-0.48867979342239604,-0.31783884014875596,-0.36777877849926566,-0.8251151046304083,-0.07772528247561147,-0.4921354875535121,-0.9870243541828672,-0.1904061513998154,-0.5985359616206452,-1.115628235721437,-0.2603286670651542,-0.6793413303232587,-1.2256445485988101,-0.3072769698479101,-0.2291283093709824,-0.9694618552798347,-0.08742956594983194,-0.34627141999879996,-0.8027659336569336,-0.22126818310743543,-0.30457463515512373,-0.4258198738240812,-0.23275435220414892,-0.2555865935287532,-0.311816995935725,-0.20581024106759888,-0.07891177857113729,-0.9741144742352951,-0.116285975588407,-0.17902161761269386,-0.6709212538619925,-0.2312127670625303,-0.16198218266482456,-0.36430212893868114,-0.18147016305091918,-0.1285342355523954,-0.31952879942549667,-0.1168941452951123,0.06721577269233238,-0.8855311486283134,-0.1595305089353102,-0.025344770160526404,-0.6440054428274943,-0.21719666642895036,-0.05099873562840572,-0.4041014201885291,-0.177373774640277,-0.043195714386830286,-0.3525933854458856,-0.12889160375824962
0.0,0.0,0.0,-0.17675912173125882,-0.009524716542759878,-0.09777129497229732,-0.3652911028562483,-0.13371483688309072,-0.17641525974780856,-0.4870004604391494,-0.2805484866000359,-0.25492760145873805,-0.45509756434649495,-0.46380940182864616,-0.3277518289123632,-0.36991118406100576,-0.8220391018253559,-0.0842802244668967,-0.49910010279068856,-0.9899697147498747,-0.20212404424335462,-0.6100110646625753,-1.113806620398685,-0.27248118942672533,-0.6955060560889459,-1.2165329339772262,-0.31803752146714653,-0.22961969818469904,-0.968769502582488,-0.09359724927393251,-0.3559521311921922,-0.794826392981172,-0.23004085936898405,-0.3129893097733167,-0.4126402498348644,-0.2388767762885907,-0.26261785924305103,-0.31206130812251637,-0.20903147709157188,-0.07672678001216142,-0.9782366062056721,-0.12208787694678332,-0.17955696204427463,-0.646792680604319,-0.2398172968757683,-0.15740882117684366,-0.33917716944239557,-0.1863631937768424,-0.12055286598403443,-0.30547381798852,-0.11809292947533434,0.07232486385948907,-0.8937211376610485,-0.16479325999048486,-0.024803910611743918,-0.6414112415698997,-0.22254015799768062,-0.04661628586186263,-0.3958432960566276,-0.1789335664082503,-0.03464188449857678,-0.349824202178324,-0.12701875042669825
0.0,0.0,0.0,-0.1787796900005893,-0.018151038078700898,-0.10517204662506575,-0.3638448454109263,-0.13820472371653605,-0.19296401389917525,-0.488502495056458,-0.28781493234688743,-0.28105233885086955,-0.4569570596126169,-0.4694998007977412,-0.3627957455279905,-0.37133299996592484,-0.8243787992504836,-0.08840460261255492,-0.5063843941442285,-0.986182465092638,-0.20712753045829393,-0.6192321302164084,-1.1075277298176827,-0.2747126546918021,-0.7020029667608559,-1.2073182124365263,-0.3180447524047326,-0.23118524911532493,-0.9682003590564094,-0.09561090583466327,-0.35951197514982824,-0.7770954201592382,-0.22886591813471252,-0.30944276058594805,-0.395524233058969,-0.23116280748563608,-0.2543573343321626,-0.3162928417381368,-0.19753825790457627,-0.07679555999465959,-0.9764966507573399,-0.12342642311936398,-0.18362110538101795,-0.6428304550507632,-0.24218335985565706,-0.15539731422661796,-0.33751202316069306,-0.18401672425960341,-0.11279907294423266,-0.3115207687429861,-0.11261868191246971,0.0734418165595112,-0.8906786587719997,-0.16640101916902647,-0.025279311827019573,-0.6414062612237567,-0.22832123575599192,-0.04451163843579623,-0.3992973230258575,-0.1849136741860861,-0.028157535225440077,-0.3519589021302743,-0.13249081805573495
0.0,0.0,0.0,-0.17717018272105306,-0.026766967948731703,-0.09938374831825837,-0.35797209316950857,-0.1541654516892795,-0.18046376843093248,-0.4796467442505463,-0.30861323352268333,-0.26220815110395024,-0.4363258120856844,-0.4514176877373289,-0.3378718432236602,-0.37022595211359116,-0.8234831496253261,-0.08431112302578483,-0.4952741541115884,-0.9937327933390926,-0.19681926683537934,-0.6018323702689191,-1.1183364928096762,-0.26209136770590885,-0.6828542206801247,-1.2142802321753992,-0.3050529936611115,-0.23266784553756967,-0.9681187918775631,-0.0927991296642017,-0.3440025356572858,-0.7784534198448043,-0.2232465912147911,-0.2929283833807015,-0.3972787006826874,-0.2272315360761349,-0.23870008988219613,-0.3057373630610746,-0.19496532087729182,-0.07977196613549199,-0.9727503458378604,-0.12020798767820531,-0.17060250565162427,-0.6528317283987674,-0.2339798557251975,-0.14787888694883147,-0.354456057880748,-0.18029310939836127,-0.11005354858865007,-0.31908928532630215,-0.1127204922937014,0.07104611766241538,-0.8814721577718602,-0.162394220583019,-0.008715700013546624,-0.6343276361993541,-0.22232709003907627,-0.03614394158525252,-0.39692939070566513,-0.1828986122125167,-0.03192279132834818,-0.3410544081638235,-0.13352195470479072
0.0,0.0,0.0,-0.1871851269585521,-0.022206218580945184,-0.09599260454743776,-0.375855779889832,-0.16169010439870013,-0.17438643575821058,-0.5005715412751062,-0.3416639304587559,-0.2537320892610798,-0.42832410647738456,-0.47211492487339085,-0.3284559373100054,-0.3729581791744016,-0.826348373151916,-0.07979446390313945,-0.4874209537931517,-1.0000905163621396,-0.18729253377775765,-0.5865133038932149,-1.1264293486947228,-0.253446031936475,-0.6627893877306308,-1.2229702244235836,-0.29738704803607047,-0.23749962199827138,-0.9673785582888852,-0.08816265940632809,-0.32397425819749404,-0.774750493949223,-0.2105383639633978,-0.2792432640571658,-0.4058093927303338,-0.21574416958236847,-0.23612477596119794,-0.3049614576145463,-0.18604328431312103,-0.0870006677479507,-0.9689030234753386,-0.11415940794949311,-0.15987173367402277,-0.6639462949125885,-0.22247937067583534,-0.14387405577454568,-0.3733216118358411,-0.1735659704261112,-0.11447645868352194,-0.3245721310862741,-0.10974316532149654,0.05994646674909915,-0.8795989050301747,-0.1541222349982402,-0.00880992164183816,-0.6543595007405802,-0.20889942050713461,-0.02994093495696317,-0.41590943994940816,-0.16685298078336766,-0.020219010645333317,-0.3427139811937456,-0.1156540021305853
0.0,0.0,0.0,-0.18187814584217646,-0.021985542423180026,-0.09986026727073834,-0.3650719663412676,-0.16702739328457447,-0.1782537696709824,-0.4897238547275946,-0.34715523264463094,-0.2571453355364017,-0.42065892112520104,-0.46081834276218103,-0.33163006511025656,-0.36109559424084736,-0.8282064155821841,-0.08022312425129473,-0.4681364087028801,-1.0032055195459613,-0.18320669080402263,-0.5601242280538277,-1.1340887944864038,-0.24607971807436527,-0.6282015072514022,-1.2440966649292766,-0.2894396830231812,-0.22345226711783583,-0.9707222309964446,-0.08813305037943789,-0.3073691511606753,-0.7709298470468897,-0.21238279951270111,-0.2695613731934674,-0.4035856965978306,-0.22073838173159765,-0.22873193575245013,-0.29216721928266165,-0.19215242997069457,-0.07326890344316017,-0.9654045295815356,-0.11356919415812392,-0.144123873308664,-0.6364133934408125,-0.2228999613234664,-0.13382267979230197,-0.35240215914817785,-0.17986770467808894,-0.10649338200235749,-0.3108915256632467,-0.11946605945012602,0.07009111990535885,-0.867018318843315,-0.15315872303210498,0.0015362847473381366,-0.6023611778364607,-0.20700344456516867,-0.021796276933839343,-0.3778320140419333,-0.17033325600541138,-0.014041582696528374,-0.3268752757440643,-0.12365535522605452
0.0,0.0,0.0,-0.17827210956578543,-0.025484128581820063,-0.10204980183603984,-0.35846086334159954,-0.16591691382916385,-0.18533604460731,-0.47117670149658797,-0.35150902840534987,-0.26934347875821457,-0.3973297039781993,-0.46164847597626074,-0.3488094695497906,-0.34271014360225704,-0.8387397249902482,-0.08552650739363707,-0.4416099047649625,-1.0030870663984595,-0.18963433273094688,-0.5295147596230804,-1.1393063941269077,-0.2524073553716533,-0.592298756371782,-1.2499348019538203,-0.29586982262598666,-0.20241314731762297,-0.9747967659098027,-0.09380929039686553,-0.2814175256302968,-0.7613954117430426,-0.2126754598864616,-0.2500834725459978,-0.3993913364031978,-0.2163282879748177,-0.21222234999937445,-0.31185405166799646,-0.1871469724102512,-0.049385785791148794,-0.9599205750864093,-0.12009124787901716,-0.11658812340527905,-0.6352671637846216,-0.2248141482213843,-0.11639993870143545,-0.35850345987923893,-0.17714022328560333,-0.09336641092822258,-0.3302147592605405,-0.11674015776459093,0.09634896849796043,-0.8529512698378455,-0.16125911414466043,0.03128885675797743,-0.598723734132393,-0.21407227134988727,0.0015126770455610248,-0.3881096534085873,-0.17600787782567306,0.006811046379920331,-0.3494281975408519,-0.12963918429718985
0.0,0.0,0.0,-0.16737797705119717,-0.01905790944946935,-0.102833114709314,-0.34943643125628027,-0.17559257232318384,-0.17286235405108216,-0.45278200331822915,-0.3614976714531397,-0.24101069382353335,-0.3702489046597863,-0.48317850744502716,-0.30406913122291146,-0.32728720486215124,-0.8319487813854249,-0.08637698509232841,-0.41113526820409546,-1.0133990795551575,-0.18892177382269087,-0.4841160098820064,-1.149719136137909,-0.25808541340187824,-0.5428762497785972,-1.2743726638467945,-0.3080613593619192,-0.18386405928598784,-0.9786637770291999,-0.09171269941409037,-0.2392424714762985,-0.7854284256297318,-0.22037487214616885,-0.22178499388233952,-0.43183678263614933,-0.24118999343422098,-0.199355343905813,-0.3009901303715527,-0.22358647870306197,-0.031707837425779095,-0.9683312776075665,-0.1137071884789396,-0.07638879605017067,-0.6645500247450286,-0.2284768944980276,-0.08017451441253695,-0.3835440086191948,-0.1944411630691284,-0.06653684984671772,-0.32036114586410186,-0.14046531010489624,0.11282207345472436,-0.8679535554165886,-0.14974434235540876,0.0730693071114883,-0.6346720016302893,-0.21438689559790408,0.036750014832153746,-0.4111897389718993,-0.185101922967629,0.028951616574905234,-0.34377409407127973,-0.1426857504313441
0.0,0.0,0.0,-0.16711827140425203,-0.018442451639194234,-0.09776247358868594,-0.3569933900844419,-0.1845022127258584,-0.16141403226020173,-0.4522971445141254,-0.4003843390081165,-0.22351752981544712,-0.343557444845954,-0.5130180562537383,-0.28105810569743583,-0.31061215462518255,-0.831203354331333,-0.08128892755863883,-0.3848013169210695,-1.0277192604569423,-0.17513378636052215,-0.44383969410332674,-1.1687701051363044,-0.23695378174998996,-0.49011726629601915,-1.3076212234776778,-0.2826646818651868,-0.16215552030738264,-0.9828498320844599,-0.08781682529783881,-0.2010421265042925,-0.792116577842571,-0.2081500128229989,-0.19791750709664757,-0.45051421811478864,-0.22760036993071725,-0.18603344389611445,-0.3242153514456266,-0.2106008209979587,-0.007682940640077634,-0.970843397158009,-0.1099286716017517,-0.03625372279733887,-0.667778521284606,-0.22476386590867614,-0.05515785423122374,-0.3861601849084539,-0.19903022672357046,-0.05161490140465185,-0.3298554918958219,-0.15051888493079157,0.14048826188259908,-0.8739508549317606,-0.1443369786785615,0.10956921026474353,-0.6366676824003997,-0.20999238714098323,0.06690594884740377,-0.41177298584791644,-0.18518182640720846,0.05394967623882916,-0.35028288040253464,-0.14640949004876527
0.0,0.0,0.0,-0.16890606761458635,-0.01779534677099812,-0.10725717401483743,-0.3538273862375516,-0.19836368081077588,-0.17698403131240797,-0.432181732163282,-0.4110136379924112,-0.24216903770549075,-0.3230175569396387,-0.4976778682697195,-0.302462378452502,-0.29203316770236076,-0.8542404425095586,-0.09503223102914471,-0.3597765552186703,-1.0419101450349895,-0.198978544708119,-0.4161357253560626,-1.1863727298069184,-0.26894328538139184,-0.4586998806662368,-1.3216090944503296,-0.32025115324959247,-0.13118137881385367,-0.9864543225838107,-0.09848510196070956,-0.176086923215486,-0.7957199501705411,-0.2290398183850975,-0.17526108845472851,-0.4374596766156521,-0.2472064946699679,-0.16465761118556618,-0.30981583809680974,-0.22799248472508926,0.02790319849803499,-0.9559353226134468,-0.1194559719738976,-0.012411419498299284,-0.6469424099450718,-0.23446645050010526,-0.03498908517954205,-0.3613904034199895,-0.19999625253317993,-0.03421665744785216,-0.3104213948388448,-0.14692464090858484,0.17388040245813244,-0.8385745191893611,-0.15475379705810066,0.1296516934404425,-0.5812099944921367,-0.2180730642183133,0.08949729653131105,-0.3683688526150065,-0.19068463570813474,0.08210218938578609,-0.3355740274351722,-0.15151276188628598
0.0,0.0,0.0,-0.16213626295706546,-0.012634332562385093,-0.11521426836024387,-0.34793298062604366,-0.1858385732034835,-0.18984226991019415,-0.41680636677274185,-0.3901924939220803,-0.2586125139204015,-0.30419061528417535,-0.5083344253842854,-0.32075405684548197,-0.2975251734733306,-0.8418666033026287,-0.10196598955121139,-0.35168019626496244,-1.0263141567524041,-0.21428129482894,-0.39617075531567403,-1.1818845149408812,-0.2868656244209419,-0.4277148353053765,-1.325801022080496,-0.33920649091103106,-0.13269870330097244,-0.9857410466712484,-0.10346807744281383,-0.16394354745443562,-0.8097796507832979,-0.24209287889661596,-0.16249880268628789,-0.43668274798699236,-0.2600380228427785,-0.1559395614853819,-0.3218850945554088,-0.2385429933616055,0.03215858587191695,-0.9631951777724679,-0.12419036733887581,0.006135688180091256,-0.6525352794510993,-0.24904745707393136,-0.023004718004663208,-0.36288998299873715,-0.214948159173628,-0.03194597641554929,-0.33347241404569145,-0.16055344316713796,0.18060059253211014,-0.8505413190062174,-0.15936898099680466,0.14655455111414373,-0.5877562391722767,-0.23299213736389288,0.10278969623134722,-0.37245324380548045,-0.20883956776680787,0.08713905811021033,-0.35635885372399145,-0.17046073668504816
0.0,0.0,0.0,-0.1598020488925213,-0.008706810610475603,-0.11850600024593942,-0.34638657111135357,-0.1830542635631272,-0.19608970902008196,-0.413673775174573,-0.40125965805614827,-0.2662821026184801,-0.2891233381612642,-0.5058158545614131,-0.32984999070746973,-0.29023198496115726,-0.8409533841128295,-0.1124469098487847,-0.3363961635721086,-1.0372067328786199,-0.2239470558000641,-0.37637604392238844,-1.1884409453337836,-0.2950985547437719,-0.40271673670743635,-1.330778503213684,-0.34719281376475697,-0.12147433546673689,-0.9862863860758091,-0.11172802005063263,-0.146845670283515,-0.8056822634062962,-0.24688804698751174,-0.14768496940297998,-0.42870543151136403,-0.2603399865206235,-0.14282957889582273,-0.31741134754865985,-0.2376173158926818,0.04468402500261719,-0.9580980185483849,-0.13003503543239647,0.023434716603606274,-0.6409906311157222,-0.25360629450991984,-0.014893206594514924,-0.3500892626278934,-0.2206453965483673,-0.030303082454524028,-0.31767083592925927,-0.16868153725623436,0.19302684045374566,-0.837302296591138,-0.16277759972367206,0.16260649526296048,-0.5605792305740709,-0.24051830998112492,0.1082643421025611,-0.34542140858981935,-0.22132967391095032,0.0811120401465034,-0.32010398526359424,-0.18666863671363454
0.0,0.0,0.0,-0.16528579963088055,-0.01596865260558615,-0.12201073430743904,-0.3463090190678328,-0.18054313003410363,-0.20594624989068838,-0.4068351067644265,-0.39451330753961217,-0.2829150944033052,-0.28511152814620266,-0.5254390597715705,-0.353356058093404,-0.2862182180920881,-0.8486832971765418,-0.11860124489889609,-0.3236501157302899,-1.052025683973789,-0.23837645095853915,-0.36032716249404373,-1.207632724115352,-0.3152856160692152,-0.38666901615994104,-1.3496033991351364,-0.3688560873853736,-0.1158455092068757,-0.9860954585541081,-0.1191451409649716,-0.13463375808863468,-0.8221183856080826,-0.2686592685023868,-0.1424124379576998,-0.4515167578221154,-0.2920488696097452,-0.14334267753040206,-0.32616968267155555,-0.271847504855747,0.051366168745029604,-0.9537953790197305,-0.13858954476560068,0.03364851286157346,-0.6452000261162296,-0.27360571816362517,-0.006398077791523461,-0.35353605264384147,-0.24609042174068785,-0.023943530001512017,-0.3165050434587923,-0.1936729028554417,0.20197197679902293,-0.8301377471835294,-0.17218247894464622,0.17420620471848483,-0.5487821064332966,-0.2548153724738816,0.12004443355067553,-0.3387367288049459,-0.23668913099403827,0.09204997669045235,-0.3201470131348912,-0.20044873785760442
0.0,0.0,0.0,-0.179853775331745,-0.021716975717621583,-0.09855946607978502,-0.3764253342036628,-0.19668727335447062,-0.17558677185357696,-0.48905460742667406,-0.39808230981922,-0.25455825823047595,-0.4532819955545235,-0.6258910646849599,-0.3263357782882969,-0.33459036508023837,-0.8618914661383312,-0.06283345505221191,-0.4509915834951053,-1.0409940157023923,-0.17515235784930192,-0.557630336323736,-1.1738681192816587,-0.2368967996156574,-0.6383320042152247,-1.2736448196211265,-0.27715087319272386,-0.19548094477180813,-0.9778538062556147,-0.07476050977975092,-0.3372544512446904,-0.8556191085298319,-0.21229722970882497,-0.29481090965746976,-0.4537479147144319,-0.21276876112317816,-0.23186651687032087,-0.37052042619981307,-0.17619738513717131,-0.05143090381413486,-0.9758717620676909,-0.10905246224544003,-0.17812703770056465,-0.7452133084768608,-0.2355601136683907,-0.15633781696209,-0.41342315224160836,-0.17429230536588367,-0.10698099830877374,-0.38475289938984825,-0.1000206229020508,0.09164056405034497,-0.8903463104604009,-0.15756456007407135,-0.022584120049838268,-0.7144614194310291,-0.22471708501955057,-0.04628171138152502,-0.4588664948500701,-0.18089752068345463,-0.025750860130564625,-0.4136182546143076,-0.1290386059371613
0.0,0.0,0.0,-0.17688099689187137,-0.022008034811621925,-0.09728385629655222,-0.37333991807763794,-0.19909622823193848,-0.1716106444491075,-0.4865547193006021,-0.3973814651161128,-0.2474107868150856,-0.45302344853681376,-0.6217937138008813,-0.31613051706233547,-0.33199071117515666,-0.8619694661882578,-0.06424431295532729,-0.4468976514700132,-1.043338630329559,-0.1772030076104934,-0.5529456618142107,-1.1743683445167707,-0.2406698175282802,-0.6344533603276198,-1.2743208293501498,-0.2820422394415991,-0.19265186394593423,-0.9783623717142635,-0.0754475243583145,-0.33342370118333725,-0.8564119766775133,-0.2124537743422053,-0.2920634492536733,-0.4574570042629517,-0.214071883608062,-0.22971508895769038,-0.3717373664484494,-0.178845546328834,-0.04822524766754136,-0.9763089170772198,-0.10860325141429597,-0.17416289751723366,-0.7482735926702263,-0.23410991509913137,-0.1544917041049071,-0.41686284769092985,-0.1736355149648777,-0.10643458629559073,-0.38536018025302426,-0.1002050934078174,0.09537933223590463,-0.8902112938880218,-0.1557954950175438,-0.0171142696195396,-0.7170787542306525,-0.22251209964628937,-0.04398661621742341,-0.46089078049151805,-0.178886594456477,-0.026366729797966254,-0.4125023118667217,-0.1271798493954701
0.0,0.0,0.0,-0.17642632558996243,-0.02208006250046507,-0.09759434158314836,-0.36714387033189827,-0.19860809556084724,-0.17478953131618605,-0.47692358455663253,-0.398043655491816,-0.25346717467729724,-0.44079185343332633,-0.6125063419206096,-0.3250816427732148,-0.322362538026608,-0.866643874205715,-0.06563642316435779,-0.441503704221803,-1.0436707001898922,-0.18174707850113467,-0.5519214754915058,-1.1740363312418594,-0.24565904548112125,-0.6343994332029976,-1.2723323382151588,-0.28641628416260356,-0.18269300803384877,-0.9801230200341597,-0.07734423323469092,-0.3315529549794468,-0.8572602942626479,-0.21710896172427643,-0.29242582719737154,-0.4560977111824213,-0.2175350013252937,-0.22942972228541245,-0.3739739025370916,-0.1800148287373465,-0.0402509851797673,-0.9747680506634372,-0.1114508869108485,-0.17587921654249494,-0.7370333348428222,-0.23916423176002094,-0.1566437150710148,-0.405789663957556,-0.17845706514287127,-0.10662231644541631,-0.3795308657861927,-0.10404271066908506,0.09770393144938885,-0.8872353737783302,-0.15956785882984495,-0.023995248679985752,-0.6965827918917523,-0.22778839837504178,-0.04578642948303107,-0.44510213888632433,-0.18554477911163178,-0.02034413319994765,-0.41055062921959956,-0.1343910474658063
0.0,0.0,0.0,-0.17144570605436085,-0.0242158810905639,-0.09722481261285414,-0.3609764582125596,-0.2019913482143785,-0.17295282070200582,-0.46537171117724563,-0.4115439143282194,-0.2505855739011676,-0.425226238786521,-0.6202432162461524,-0.32088848871099845,-0.3196889089230366,-0.8650680217439465,-0.06427781316692864,-0.4369399753268051,-1.0448158262840266,-0.1764425648585892,-0.5479210699575078,-1.1750712673277328,-0.23828260877809174,-0.6313670655080066,-1.2747851197230409,-0.2781076004063985,-0.18148443025567088,-0.9805571279845022,-0.07463993792574498,-0.32482562018507655,-0.8536984283401592,-0.20662672245271274,-0.28604233037408994,-0.46109018952913283,-0.20521352896268788,-0.22289328088040786,-0.38780047001691,-0.1690025469565503,-0.03887824332067375,-0.9745354337981317,-0.10703902293933824,-0.16939057566326673,-0.7461424496901562,-0.22971637334146583,-0.15447993584646158,-0.4196118211801212,-0.17047836720109666,-0.10608202048735674,-0.3895864472364683,-0.09863760075171706,0.10064808548581583,-0.8865277176088211,-0.15358260873920068,-0.013585344192804698,-0.7194743967453667,-0.22031412646776255,-0.04526374017489581,-0.4696374241300423,-0.1793888344447861,-0.027776485697145924,-0.41905365263011396,-0.12968601769201646
0.0,0.0,0.0,-0.17220053028789475,-0.02583282422505425,-0.09323121072977614,-0.36425382055669986,-0.20371778309736469,-0.16622520849521855,-0.46357231153910455,-0.4161492728135653,-0.24132316063169607,-0.4144975009826271,-0.6203596807307032,-0.3093005496512161,-0.3223686585828846,-0.8677958909874747,-0.0609695072729599,-0.4375320663373036,-1.0464098616716124,-0.16821034270162624,-0.5442565394992118,-1.1751405053650108,-0.22745454140582522,-0.6255324438978708,-1.2743841505945759,-0.2669325869956864,-0.1825634767433238,-0.9804108970734857,-0.07392597553602574,-0.3251321784908482,-0.8562380457607287,-0.20641382031810337,-0.28307575241953364,-0.4652414022113629,-0.20742165534720788,-0.2189063056553677,-0.38067562692029083,-0.17268738978260384,-0.03997816511289584,-0.9736963519097291,-0.10799437722776802,-0.16785988174228514,-0.7397051329049579,-0.2296156745391575,-0.14998055815390837,-0.4170853004830441,-0.17268264229320684,-0.10255103752284576,-0.38345413623477714,-0.10284184469541745,0.09961696247579944,-0.8854969621739598,-0.15580368435061673,-0.01286111335603119,-0.7165821503077522,-0.22089981572512826,-0.04139365123155374,-0.46730852239466336,-0.18053826868847636,-0.025301713091236133,-0.4150416772072657,-0.1320788466975921
0.0,0.0,0.0,-0.16030617894426774,-0.030627809337514626,-0.08790119018518457,-0.3516283625858408,-0.21195205165830303,-0.1510027356230474,-0.45696326265886134,-0.41324160372185853,-0.21479679744627772,-0.40074553474894953,-0.6037278599461828,-0.27243385206933085,-0.3134239050576762,-0.8649893712100609,-0.057331063309081845,-0.42521210042785923,-1.0437995960168476,-0.15735247025395482,-0.5223499437157872,-1.1692277292776232,-0.2182626729995486,-0.5999988714110331,-1.2699607040996954,-0.26037751993856817,-0.17614133142385277,-0.9819618854396244,-0.0687392675847692,-0.3033127233288283,-0.8398944520057698,-0.19907380426073581,-0.2658925008824377,-0.4707938788919833,-0.2128430232743883,-0.20946277405583194,-0.35790827736479625,-0.1881903677019883,-0.03372291306624969,-0.969843854383154,-0.09814787572825476,-0.15041303025687738,-0.7085080228159378,-0.21367311770436553,-0.13454388554112415,-0.4048197757893224,-0.16753337126600867,-0.09235710680648533,-0.35945884629154556,-0.10557069145071304,0.10688788264967533,-0.8749482918573743,-0.14025818450260838,-0.0005022403178224243,-0.6847433264157792,-0.20021929484944972,-0.025323411395338825,-0.45127127276937123,-0.1628025671669847,-0.009826169902514576,-0.399872799170643,-0.11656819810967887
0.0,0.0,0.0,-0.16472147431920336,-0.042383109593606465,-0.08673797534386168,-0.35368433237305263,-0.23068237608329756,-0.1569864339401563,-0.45365981095636676,-0.45459103283730945,-0.23135304905031032,-0.3813724037120101,-0.610207492444805,-0.3000100470589563,-0.31311949357920954,-0.8733652718861133,-0.04775860811162331,-0.4133091561865374,-1.0381397936451562,-0.1434033976574821,-0.5084178313042717,-1.1744914572528777,-0.19581553956267062,-0.5778276143637985,-1.2768020203214596,-0.23198336132302785,-0.17760442399452145,-0.9821052444911877,-0.0626574602140769,-0.29165302939962884,-0.8552379047326734,-0.17956809091516085,-0.25757363897910124,-0.4739537472316745,-0.17438978331037278,-0.2020341660258909,-0.3952979549492874,-0.13664923458597564,-0.034918776414078895,-0.9666184831682568,-0.09710303501783898,-0.13938892867823383,-0.7350449699235946,-0.20186871860772596,-0.13249934257245652,-0.42750253716706477,-0.14256216696912435,-0.09242279947954246,-0.3960691370916164,-0.07359605793885698,0.1034046166586561,-0.8647448634857218,-0.14556112969409463,0.008852540806306038,-0.6745453619189212,-0.1971599232236418,-0.01645786849698608,-0.4508982529744942,-0.15390019720819437,0.0028841055449605303,-0.4133418621268896,-0.10505576984360543
0.0,0.0,0.0,-0.16872847120658913,-0.05056903181087075,-0.09193469587328948,-0.34911340163848165,-0.24080573121204238,-0.16565157728402768,-0.45280254950640586,-0.46315375692982425,-0.2432822153595718,-0.38306455656875926,-0.6122748271651144,-0.3155597442629398,-0.30613326804598134,-0.8712548868354817,-0.05025868207975504,-0.397971511282544,-1.0394755298115281,-0.14942035805447876,-0.4870707392814849,-1.1803734347323411,-0.2047056409810592,-0.5517626271737921,-1.2929675899782196,-0.2415578942263307,-0.17563730402001496,-0.9825186209502645,-0.06171464107139727,-0.2769336876576536,-0.8615440661097818,-0.17856956277066593,-0.2507573878721493,-0.49251323658607804,-0.17457489411519186,-0.2060073075682605,-0.4167934317759693,-0.13708900300704407,-0.03785723741725561,-0.9712999106467215,-0.09348334989412856,-0.129372721020412,-0.7330478299654088,-0.1988077392105388,-0.12553691524872,-0.43502767310814056,-0.14536111279651048,-0.09023471020771931,-0.40583500194743927,-0.07911347041818746,0.09541603870803327,-0.8745378556938073,-0.13964402304539256,0.011927103541755964,-0.679324933149575,-0.1895494235427444,-0.01532486428193213,-0.45333673150518095,-0.1492450487413645,0.0012059563305679866,-0.41052301159522586,-0.10199179845109163
0.0,0.0,0.0,-0.17031312512298527,-0.04626253595007216,-0.08509632322909302,-0.3559199388209421,-0.25235207566305756,-0.14323708125515147,-0.4443396453972678,-0.4858657764708172,-0.2049880625671787,-0.36051021033217856,-0.6288206909478338,-0.26109727364696894,-0.30121835136855357,-0.8714566017063264,-0.039909632164466906,-0.3853731286172638,-1.0611610631223907,-0.1277287530356253,-0.4590305588975947,-1.2028320486492579,-0.18108433242049538,-0.5142716771492536,-1.3216349666244374,-0.22040872830754604,-0.16211181596803456,-0.9852977005810264,-0.053927732691890225,-0.2404374956458795,-0.8583305580497687,-0.17080905454502585,-0.2190861881880723,-0.4989881116674878,-0.17769090369496165,-0.18264084761733082,-0.3984581787577708,-0.1503030378984757,-0.01827128117848724,-0.971555551439959,-0.08666584117630181,-0.08771068913734395,-0.7296837838755286,-0.1913944773360534,-0.08891744203038048,-0.4425088689567192,-0.1466809625751646,-0.06307208256111382,-0.4027385432968088,-0.08841330255519456,0.12150297745902588,-0.8744906230373155,-0.13294024169229698,0.05619800113121208,-0.6804492681260944,-0.18462635011313264,0.023997143244383467,-0.4574305087992197,-0.1491956115932298,0.031282563035831885,-0.41188460766519497,-0.1069460176271514
0.0,0.0,0.0,-0.17432699997188103,-0.054989302750104704,-0.09309302501483674,-0.36103064891905945,-0.2702786284772461,-0.15799372574864107,-0.45360314056159445,-0.5199518834708197,-0.22608037782922472,-0.34669035700774914,-0.6680819033624482,-0.2882677105485859,-0.29513028094854377,-0.8833976935534076,-0.043987708587111644,-0.36670175030350655,-1.0820409729354405,-0.13552095987408683,-0.4329091466128762,-1.2323115725039342,-0.189315052404825,-0.4813338427863338,-1.3593566138779472,-0.22812757140962858,-0.151257693649981,-0.9870188453489245,-0.05398989755282482,-0.22073573266016824,-0.8799288208649878,-0.16713300272116796,-0.20821408681414388,-0.5138561339083274,-0.16510237477975365,-0.1739887415377935,-0.41995555204706386,-0.13023093155915694,-0.0055820753337490125,-0.9629836367958741,-0.08454968644845286,-0.06549660745356825,-0.7340594340033297,-0.18854343837571771,-0.07724500425332417,-0.44639101649091767,-0.13938688824163808,-0.0537465883112028,-0.41632799397214915,-0.07636310482427067,0.13494950015330776,-0.8568696541843973,-0.1291782973711547,0.07945564885163843,-0.6815365990017799,-0.1788562151868212,0.037344501736002844,-0.4650554598351107,-0.1406434306163759,0.03984412611164007,-0.4247996642863018,-0.09589064077401083
0.0,0.0,0.0,-0.17682392378246992,-0.051199973976106095,-0.08709142297359065,-0.3658876582625564,-0.2870161110427074,-0.14195383802665398,-0.4432533299728826,-0.5553037349608035,-0.19882183329046918,-0.323246603729007,-0.692378496878897,-0.25025062305605233,-0.27447830768902765,-0.8863103402347665,-0.04546685249104779,-0.3402317718199506,-1.1127158402915684,-0.137038379936363,-0.39482642357771347,-1.275624312979967,-0.19645541874247896,-0.4376278403172997,-1.4177275459798802,-0.2414891843326761,-0.1284296684550248,-0.9899639445309503,-0.05896786234258482,-0.1925237143971912,-0.9177994019219591,-0.1788245912862182,-0.19309593469167027,-0.554542014482129,-0.1880059604545745,-0.17417009459442365,-0.43686529322931567,-0.16153133040671133,0.0185621320010808,-0.9642211607846867,-0.09106966109619073,-0.035770277953253396,-0.7686807357125929,-0.19817174381588415,-0.05837184299737581,-0.4792647711921732,-0.1548837254242011,-0.0452669856574012,-0.44444426733549824,-0.09645004171786073,0.15932563796267413,-0.8537076291553937,-0.13628272986980486,0.10462538686562678,-0.6854843685856085,-0.1888281784020857,0.058071990470366375,-0.47271657889489693,-0.15314840125244858,0.056481180854295654,-0.44408985859406397,-0.11110025807765579
0.0,0.0,0.0,-0.17301979569083634,-0.05554706255257336,-0.10565324921724369,-0.35974094955596525,-0.2948764228490786,-0.17054484530826747,-0.4305811714929759,-0.5684666751245575,-0.234084740743131,-0.3052214413531616,-0.7185003798727753,-0.2909332454366067,-0.2707008099886111,-0.8880597289689391,-0.06356679757614245,-0.31771237175661987,-1.129464998232853,-0.16107508782213653,-0.3594370755918636,-1.299021813286231,-0.22020829605008527,-0.38981771455459846,-1.4549593098005167,-0.26482811737218664,-0.1138737588712829,-0.990991807845125,-0.07048406787619158,-0.16694126055764258,-0.9243582025181817,-0.20111573545205363,-0.17280904779912443,-0.5482004567723692,-0.21070732496401076,-0.1580243863337676,-0.4359201884730884,-0.1825733392995387,0.04122929847055827,-0.9646453649978856,-0.09805110106168889,-0.004744361606304139,-0.7635260967773985,-0.21950644538716843,-0.028733511151759983,-0.46851177976670877,-0.17783671180298802,-0.018972800680108676,-0.4427574582504915,-0.1177562335079151,0.19191467455527197,-0.8605304160661643,-0.13952183969739196,0.1414122576791574,-0.6929025354986007,-0.202622091907004,0.09370256712357393,-0.47282598761006983,-0.16955353304959503,0.0879215708475165,-0.44557658085004465,-0.12790429617607524
0.0,0.0,0.0,-0.16023934508650556,-0.05046610987538347,-0.11735208358317392,-0.34367201680773013,-0.28297293417110175,-0.1933152726409691,-0.41313440705362275,-0.5555807100035739,-0.26632546056914813,-0.2950536269471742,-0.7052931081831734,-0.3319260738409045,-0.2530864535262855,-0.891890730225746,-0.0707035774689554,-0.28393112542489696,-1.1007053969325866,-0.16918400402053016,-0.3221520814636982,-1.2552182078921412,-0.2244000448394045,-0.3462024557999989,-1.3909063947130937,-0.2641864902949741,-0.09372327473964585,-0.9929496877812684,-0.07257317208968275,-0.14243129587817965,-0.9148265725126045,-0.20146456231111598,-0.15805879700047135,-0.542744318654459,-0.2065942955162217,-0.145968442137094,-0.43535803016031094,-0.17379103372066246,0.05531791673674797,-0.9575901486190118,-0.0968068305688094,0.0056327913224603725,-0.7294888249816995,-0.21791706692523063,-0.031415762931231724,-0.4403689530977187,-0.18184056747879387,-0.030411728156819445,-0.4133040075222735,-0.12554739665322284,0.1931778118617323,-0.8438232849178979,-0.13588006108388145,0.13995142866201762,-0.6165482753214845,-0.2014967093090375,0.08384779920868413,-0.408810931349146,-0.17843374376181317,0.06627842411442306,-0.38651823459704365,-0.14360851031840818
0.0,0.0,0.0,-0.22008960788485418,-0.05611342611881397,-0.04541317448689968,-0.4408100660650007,-0.4062594696238583,-0.0668629400842017,-0.5259908650028001,-0.7344958201958203,-0.10579148154421229,-0.4924977954634387,-1.0044099565610007,-0.11853041887493979,-0.3044996511474195,-0.9363384487138419,0.03632636610709217,-0.4307197095580989,-1.1471272490270203,-0.07202848365753296,-0.41034085525993347,-0.806982352047804,-0.10951910146210173,-0.35599306751816073,-0.61205448312912,-0.10636536477015344,-0.2091135319949885,-0.9778253822009796,0.011360134686204984,-0.3608986884150032,-1.115965819812242,-0.1523550966469406,-0.30722711000961506,-0.7139898213732634,-0.1899341631315419,-0.24051277715411223,-0.4952715414289483,-0.16026418791114125,-0.10446210365086707,-0.9850129920935368,-0.0340341927092507,-0.2713419600934738,-1.0354483015236084,-0.18702204888914561,-0.2442988069880884,-0.6329883186359428,-0.17580145760577084,-0.1946191722221461,-0.38776968597823813,-0.10586183301091905,-0.003190561910891249,-0.9803763932332488,-0.08383698785746804,-0.14829680254369212,-1.29735337692213,-0.16154285463921897,-0.25846474874217895,-1.4913361304756525,-0.16520990399616142,-0.3555885483972184,-1.6774633013524523,-0.13645553466246216
0.0,0.0,0.0,-0.21824576755869038,-0.05073416997067829,-0.04292447699656448,-0.43974135695141636,-0.40484817790813693,-0.06220062915988965,-0.522703605422162,-0.7363723524827271,-0.09968805084522882,-0.48973828481705123,-1.0057846068279932,-0.11162175750429712,-0.30633380897658913,-0.9338871559154727,0.04109014764140486,-0.42973117509182135,-1.1443058484634145,-0.0666561696216317,-0.4093737764383863,-0.8089897109455094,-0.10495456343948337,-0.35574182733682236,-0.6154953608291741,-0.10271585367938875,-0.21135487484544616,-0.9772940444817251,0.01501557523432175,-0.3590535416751791,-1.111331802411266,-0.14841084530717535,-0.30482814583575396,-0.7096738806187203,-0.18718282003420708,-0.23784579740924824,-0.49233183669455377,-0.158562917478016,-0.10636098894366088,-0.9867964053237227,-0.03154752657056366,-0.27136279894573284,-1.0407040785516797,-0.18436793265018012,-0.244469807782431,-0.6365460253345824,-0.17332612664489952,-0.19482085074466185,-0.3899876945491942,-0.10385482263725634,-0.004487788259752424,-0.9848260830433037,-0.08246701412951508,-0.15096768464725166,-1.299121106236435,-0.16097886288106505,-0.26187253739029426,-1.4920558643494155,-0.16543313088178077,-0.35810595812687884,-1.679877510498271,-0.13741583678284058
0.0,0.0,0.0,-0.21884664993935646,-0.05492986576950546,-0.049136146589140554,-0.44444378693243586,-0.4045142506206148,-0.07161977390417808,-0.5354372728617645,-0.7288037606850453,-0.11042848104968478,-0.49753187795544684,-0.9949714627266418,-0.12245809443255845,-0.29632070312438874,-0.9442503998126524,0.03434296189907159,-0.42614531964612573,-1.145311919493044,-0.076115591038695,-0.4070363079138163,-0.8084389931301728,-0.11397814701210073,-0.35168796849115874,-0.6221974223043202,-0.11091635713292503,-0.20311697067245132,-0.9790951658062733,0.010777407834574594,-0.3585065655783232,-1.1149687243546036,-0.1536272113465893,-0.3080797894126001,-0.714895761952367,-0.18962086684727467,-0.24060015346752048,-0.5041988338360811,-0.15911392432354704,-0.10036498258898892,-0.9799701986544334,-0.03415552800573527,-0.2711306219912212,-1.0313856801598065,-0.1905620090696607,-0.2480010154031803,-0.628906085358091,-0.17914998604362176,-0.19747552057835233,-0.3893716261016408,-0.10857738206297754,-0.0014931635290165283,-0.9688744550246804,-0.08359567615862164,-0.14514727116340984,-1.2869494794649416,-0.16428387599360492,-0.25706771090117847,-1.479274105747516,-0.16936109637885274,-0.3541676176503306,-1.6676641217105732,-0.14146813924878007
0.0,0.0,0.0,-0.21798857039685343,-0.04602601720138193,-0.049583213662471405,-0.4497762157315699,-0.4026213026791131,-0.07178720167765411,-0.5374505995145208,-0.7396078931684589,-0.1102422054513218,-0.49726909959472776,-1.0102847762122231,-0.12197977821830278,-0.3123543503671718,-0.9344976905831869,0.03070519704245075,-0.4409924052285982,-1.142092446020071,-0.07652492961683102,-0.4125691428556231,-0.8028383635812961,-0.11245454203131117,-0.35368663084226776,-0.619080191398271,-0.10940842779415548,-0.21452605530087102,-0.9766828830446864,0.008313697406505468,-0.36352386454065194,-1.1111212125964514,-0.15512796302108883,-0.3030586743766594,-0.7062177493012913,-0.1897439904251637,-0.231910672861188,-0.4977149560824885,-0.15856860819980545,-0.10550592249231544,-0.9834903273123121,-0.03486950965423716,-0.27139694896071836,-1.0478699221406729,-0.19019233112259362,-0.24593498280905277,-0.6429785250067629,-0.17818456358668822,-0.19681766241367657,-0.40014442734328537,-0.10725228167096802,0.003558216316093429,-0.9800363295066239,-0.08265284642469276,-0.14370703412301244,-1.3055866833405512,-0.16437394003125616,-0.2599569268429469,-1.5040821336464831,-0.1710092492705579,-0.36112281674758206,-1.694534422817942,-0.14393545986552977
0.0,0.0,0.0,-0.21472804631955522,-0.06081039543356007,-0.04900068664265988,-0.44182536520435717,-0.403368986031621,-0.07189239498324139,-0.534272725182949,-0.7187355446941899,-0.11036612067302896,-0.4862508300274302,-0.9672135911002805,-0.12189720182796054,-0.28911470652415283,-0.9553247407069944,0.03301559754869571,-0.42243802435665045,-1.1181794085128816,-0.07663849052929742,-0.3942279495249196,-0.7705514963180061,-0.11393437272664463,-0.3366309482101817,-0.5919600339924637,-0.11098178288516856,-0.19353421307001076,-0.9810403421463375,0.01021545166738563,-0.3537502123306618,-1.0860322237476758,-0.14857567410684092,-0.2997891437417866,-0.6870859074160099,-0.1793562016454652,-0.23597085797018597,-0.4872467241828515,-0.14756184118388896,-0.09055250095101802,-0.9713330285548155,-0.034203443991861635,-0.2633630277544059,-1.001742108009677,-0.1892130049664099,-0.23216435710627453,-0.6026046731618842,-0.1751261203845135,-0.17957422707274706,-0.3725568908288933,-0.10367622337605258,0.008551354824625228,-0.9470961409869635,-0.0830293441474968,-0.14005219662789098,-1.2484324998605016,-0.16303751746208847,-0.2528623554002997,-1.426900545748808,-0.16677567404779411,-0.35179564303789423,-1.6024691616278195,-0.13819024085202725
0.0,0.0,0.0,-0.2184889433726315,-0.05185636939042047,-0.05050350227768417,-0.4443585779965592,-0.38647205682174535,-0.07350543384444283,-0.5397061557692047,-0.695699590402551,-0.11240057893420466,-0.5085537043600603,-0.9525690992277909,-0.12460917570115303,-0.3027899312982239,-0.944110542474195,0.03623083926234576,-0.4407948598945325,-1.11158552758571,-0.07288006957271989,-0.4180008653435425,-0.776355370126479,-0.11282382175134759,-0.3633267879263598,-0.5979334327081771,-0.11162004393108832,-0.20905296777855895,-0.9777942728790348,0.014670262026853394,-0.373524724849243,-1.0700840647001697,-0.14111555887813193,-0.3193050269805364,-0.6767349370017685,-0.17422585327686888,-0.2548301757360096,-0.48617825683146465,-0.14541917529795037,-0.1060578042297047,-0.9748865211818927,-0.02873301398655378,-0.2873238039197579,-0.9990607615197953,-0.1811043256676499,-0.2521756790861103,-0.6050174075257573,-0.1670742590149086,-0.19619348328935393,-0.3812007454687296,-0.09712702248622997,-0.007016702139581311,-0.956545122557346,-0.07686984796873873,-0.1646083830249702,-1.2525818941658806,-0.1577890834509634,-0.2790926103235909,-1.429696753503753,-0.1605553833616776,-0.3783735591608748,-1.6114518093804262,-0.13078767125380528
0.0,0.0,0.0,-0.1926773661967365,-0.16268258159518373,-0.021128368410456046,-0.34759489084429557,-0.50584311010209,-0.0314990252244257,-0.4167185451527137,-0.7578736016756829,-0.05816131192313478,-0.4166671578947373,-0.9426552314429324,-0.06668140222076349,-0.1823605317439005,-1.0153494577666482,0.028728121198462454,-0.35462357259718813,-1.0270092055411513,-0.05341616131861017,-0.3523682195411647,-0.7138423033164583,-0.09004934974123792,-0.3091366880350776,-0.5510095614141548,-0.09614120124004308,-0.08413547295006094,-0.996454320888007,9.260178281541007e-05,-0.28134228897179475,-0.9365810048258973,-0.10791762336257474,-0.25580787624189394,-0.5845245837906102,-0.13241355673497546,-0.21625453514793214,-0.4140667309772614,-0.11847689536946791,0.0072664531227917915,-0.9129632946978146,-0.042174553662994704,-0.1964298996501146,-0.8504151033752181,-0.15118760975446568,-0.18184750157820123,-0.5130764984728232,-0.14018493178808905,-0.1426859883263098,-0.32493195175734474,-0.09363965925482844,0.08674843077675651,-0.8011471485832712,-0.08735954137517361,-0.043128862291892375,-1.0438545383956748,-0.1524151255119219,-0.1337841988994726,-1.2069350553349016,-0.15627227626202048,-0.2110434670424399,-1.3651781148065467,-0.1357197950118809
0.0,0.0,0.0,-0.19415495257458718,-0.16111374134516604,-0.02044402039228164,-0.3481984006114284,-0.5030834057943211,-0.03090327660438593,-0.41628535236483627,-0.7539099001698933,-0.056156747055017844,-0.42016471534607486,-0.9382445941759043,-0.06312747414339241,-0.17697216720699924,-1.0180516359670504,0.021415657062246896,-0.3538497821321155,-1.0221865202144838,-0.057402315171562426,-0.3543386508992848,-0.715952388655486,-0.09263104809231008,-0.3137207059313648,-0.5524993150795736,-0.09980150249459302,-0.07750316666610575,-0.9969722297349155,-0.006295418502082349,-0.28241888015295463,-0.9160982323823887,-0.10805824913205447,-0.25668863125908475,-0.5699057207775441,-0.12983291926381785,-0.21517568200347378,-0.41061922319841304,-0.11778188316533526,0.013955456595706087,-0.905520509626427,-0.04675272379094492,-0.19499567297478118,-0.8337693431703572,-0.14944680434922855,-0.18137826170545318,-0.5069380847727673,-0.13574835947327574,-0.1414518871886507,-0.32779121508245945,-0.0919363463813044,0.09145590383777538,-0.7823944026465337,-0.09032143341365444,-0.03737158022778295,-1.0118093026845947,-0.1556421491221312,-0.12886764786671218,-1.169487051759697,-0.1606095170527251,-0.2050123576333753,-1.3257026920422745,-0.14262220054327449
0.0,0.0,0.0,-0.19548448905726584,-0.16656495891055326,-0.02079624269950351,-0.3511947115003313,-0.509981145860462,-0.029369930420679917,-0.42038170297582195,-0.7569084304820252,-0.053267812440201574,-0.42342907805660907,-0.9431702207838001,-0.058373724824503474,-0.17464796652638162,-1.0218551331727876,0.025441262063557943,-0.3532211353555416,-1.0379021964547976,-0.05389140239860149,-0.35564459579847624,-0.7328279759054297,-0.08859839348335675,-0.3116549562164504,-0.5773709239220399,-0.09566651939153814,-0.0785920408133276,-0.996903000405466,-0.0027746897800772444,-0.2835228201250191,-0.9361976434002346,-0.10415036035685259,-0.26049628830371535,-0.5934881709746972,-0.12291503703972194,-0.2171742426850807,-0.4411921451327195,-0.10903041842521863,0.012305907846064652,-0.9018304956237153,-0.0447069661226802,-0.19538080366800165,-0.8496981604154769,-0.15182201733167566,-0.18294470598756438,-0.5196353369823181,-0.13658824294781785,-0.14194911454276748,-0.34280891710358424,-0.09048626535176271,0.09403734717359583,-0.7746990621810483,-0.08972466674768319,-0.026693792864286872,-1.0151494025425738,-0.1581222166995079,-0.11751519668620597,-1.1701014918377577,-0.16240257856673926,-0.19372629018655288,-1.3222146370084873,-0.1434333206981892
